Date,Move Minutes count,Calories (kcal),Distance (m),Heart Points,Heart Minutes,Average heart rate (bpm),Max heart rate (bpm),Min heart rate (bpm),Low latitude (deg),Low longitude (deg),High latitude (deg),High longitude (deg),Average speed (m/s),Max speed (m/s),Min speed (m/s),Step count,Average weight (kg),Max weight (kg),Min weight (kg),Cycling duration (ms),Inactive duration (ms),Walking duration (ms),Running duration (ms),Badminton duration (ms),Rowing machine duration (ms),Jogging duration (ms),Paced walking duration (ms)
2021-10-17,107,1251.7062417348227,7740.0,,,88.3731343283582,158.0,52.0,,,,,0.1687262328364081,0.6111111044883728,0.02298850752413273,9262,,,,,,,,,,,
2021-10-18,30,1925.8568891960279,5670.0,,,71.35314685314685,150.0,47.0,,,,,0.12859395451794492,0.3910256624221802,0.009259259328246117,7798,,,,,,,,,,,
2021-10-19,151,2254.5618254767555,9300.0,,,74.32167832167832,174.0,46.0,,,,,0.17220649210859873,0.5694444179534912,0.0,11096,,,,,,,,,,,
2021-10-20,121,2018.263127894962,6570.0,,,70.86363636363636,157.0,46.0,,,,,0.2018463078838915,0.9999999403953552,0.014814814552664757,8638,,,,,,,,,,,
2021-10-21,,1789.0957458962198,2850.0,,,72.73776223776224,151.0,48.0,,,,,,,,3854,,,,,,,,,,,
2021-10-22,64,1946.290258504474,5010.0,,,68.14685314685315,155.0,47.0,,,,,,,,6381,,,,,,,,,,,
2021-10-23,130,2026.634290669536,7620.0,,,71.44755244755245,160.0,45.0,,,,,,,,10525,,,,,,,,,,,
2021-10-24,268,2443.6387840501206,14029.851474046707,55.0,44,70.22727272727273,140.0,47.0,,,,,1.1707770049528625,2.8634886741638184,0.2515699565410614,18100,81.0,81.0,81.0,,,6425858,433503,,,,
2021-10-25,5,1805.1021693429568,3115.5921382904053,,,69.9055944055944,159.0,46.0,,,,,,,,4273,,,,,,796159,,,,,
2021-10-26,60,1989.002756140472,6470.0,,,67.79020979020979,165.0,46.0,,,,,,,,8209,,,,,,195870,,,,,
2021-10-27,54,1944.6930504263726,5540.0,,,70.2027972027972,168.0,46.0,,,,,,,,6847,,,,,,,,,,,
2021-10-28,,1881.6617825204225,4640.0,,,64.4051094890511,151.0,46.0,,,,,,,,6395,,,,,,461598,,,,,
2021-10-29,19,1833.3534597500989,3670.0,,,68.01748251748252,113.0,47.0,,,,,,,,5084,,,,,,,,,,,
2021-10-30,222,2191.397616075915,10911.907640218735,91.0,65,72.0909090909091,132.0,46.0,,,,,1.4580463946383626,3.004047155380249,0.2958429157733917,14919,,,,,,6574759,,,,,
2021-10-31,1,1795.387463336124,2780.155393600464,,,69.61538461538461,135.0,48.0,,,,,,,,3840,,,,,,,,,,,
2021-11-01,,1799.4388484807992,3120.0,,,67.88461538461539,100.0,47.0,,,,,,,,4319,,,,,,,,,,,
2021-11-02,74,1918.3632063571133,4740.0,30.0,17,67.67832167832168,118.0,46.0,,,,,1.1822831525558117,1.9501316547393799,0.30680006742477417,6252,,,,,,1581338,277388,,,,
2021-11-03,,1741.754878015362,1920.0,,,68.9895104895105,154.0,46.0,,,,,,,,2654,,,,,,,,,,,
2021-11-04,71,1857.143025197739,3860.0,11.0,6,66.24125874125875,131.0,46.0,,,,,1.726831384445654,2.7816505432128906,0.2842227518558502,5198,,,,,,615335,,,,,
2021-11-05,117,2012.9795258332301,6629.722862243652,53.0,27,71.14893617021276,122.0,46.0,,,,,1.5777537889164504,2.404226303100586,0.32871437072753906,8833,,,,,,3443016,145466,,,,
2021-11-06,184,2344.027077959206,12670.0,59.0,59,76.96428571428571,167.0,50.0,,,,,0.3692587316036225,0.4098031222820282,0.3287143409252167,15508,,,,,,1260517,,,,,
2021-11-07,45,1888.4799274105183,2831.6391410827637,3.0,2,66.21140939597315,99.0,46.0,,,,,1.0798541344515744,1.9703800678253174,0.3177572190761566,3987,,,,,,3647432,,,,,
2021-11-08,189,2461.310587901818,13191.91950416565,144.0,95,75.17482517482517,159.0,49.0,,,,,1.3912409784428619,2.9473469257354736,0.2930905520915985,16466,,,,,,5405992,1428171,,,,
2021-11-09,89,2077.6415942453286,7370.0,69.0,46,60.780701754385966,98.0,46.0,,,,,0.7320973322037615,2.187549591064453,0.3177572190761566,9488,,,,,,3078632,618364,,,,
2021-11-10,134,2034.457560877951,6540.0,69.0,41,,,,43.84901809692383,-79.33679962158203,43.85953140258789,-79.32386779785156,1.888016746059539,3.3502447605133057,0.2520143389701843,8339,,,,,,1073432,1850527,,,,
2021-11-11,62,1911.5735607347879,4250.0,32.0,17,,,,,,,,1.6195199622813086,2.9077069759368896,0.27392861247062683,5341,,,,,,1039519,719948,,,,
2021-11-12,16,1777.1640132305452,2114.794855117798,8.0,8,,,,,,,,0.86130015675819,1.7533018589019775,0.3122686743736267,2880,,,,,,1629791,,,,,
2021-11-13,11,1824.4895728546364,3660.0,4.0,2,,,,,,,,,,,5043,,,,,,256757,,,,,
2021-11-14,74,1834.188165453754,3530.0,24.0,24,,,,,,,,0.16683368009078858,2.569999933242798,0.010416666977107525,4302,,,,1285568,,490812,,,,,
2021-11-15,97,2036.0591298145837,7863.194770812988,58.0,37,,,,43.84952163696289,-79.33526611328125,43.858463287353516,-79.32349395751953,0.2757871861425718,11.630000114440918,0.0260416641831398,10762,,,,,,3822935,,,,,
2021-11-16,1,1757.9242436325828,2000.0,,,,,,,,,,0.12489630488863472,0.3333333134651184,0.0173611119389534,2789,,,,,,,,,,,
2021-11-17,30,1790.1582750832758,2696.435718536377,,,,,,,,,,0.18774892184076417,1.153213620185852,0.013605441898107529,3761,,,,,,1185399,,,,,
2021-11-18,13,1816.3766037780047,2900.0,7.0,5,,,,,,,,0.2066245511113201,1.9954416751861572,0.01773049682378769,3886,,,,,,768200,,,,,
2021-11-19,132,2099.2639095440873,8603.164161026478,61.0,36,,,,,,,,0.37097954571759184,2.7862184047698975,0.022435899823904037,11691,,,,,,4153512,132108,,,,
2021-11-20,17,1835.303417414143,3837.196300506592,,,,,,,,,,0.13908943610247662,0.7037327885627747,0.030701754614710808,5319,,,,,,713212,,,,,
2021-11-21,,1829.596097889916,3470.0,,,,,,,,,,0.13611949329100292,0.3120567500591278,0.02500000037252903,4778,,,,,,,,,,,
2021-11-22,19,1764.8805083235416,2210.0,1.0,1,,,,,,,,0.18740518817461094,0.5277777910232544,0.014367816969752312,3071,,,,,,,,,,,
2021-11-23,51,1868.170767243347,4074.4073333740234,8.0,6,,,,,,,,0.26475145465661465,1.7998604774475098,0.0317460335791111,5517,,,,,,1628982,236174,,,,
2021-11-24,69,1842.5181612820022,3849.789670944214,28.0,19,,,,43.850101470947266,-79.32656860351562,43.856842041015625,-79.32361602783203,0.24340443303993822,1.7893284559249878,0.016339870169758797,5304,,,,,,2094959,,,,,
2021-11-25,1,1751.76134493011,2050.0,,,,,,,,,,0.09315037480508861,0.8415173888206482,0.007407407276332378,2786,,,,,,221674,,,,,
2021-11-26,67,1886.4358649298915,4241.617910385132,6.0,5,,,,,,,,0.1685697098260248,1.8608227968215942,0.016025641933083534,5881,,,,,,4649684,,,,,
2021-11-27,3,1721.765257880037,1390.0,,,,,,,,,,0.0929953597531415,0.4999999701976776,0.010204081423580647,1933,,,,,,,,,,,
2021-11-28,105,1594.4379036481992,6073.082551956177,59.0,42,,,,,,,,0.3102484020734767,1.9670474529266357,0.01666666753590107,8396,,,,,,5235747,,,,,
2021-11-29,,,63.1131591796875,,,,,,,,,,0.30132147675899634,0.32871437072753906,0.27392861247062683,110,,,,,,,,,,,
2021-11-30,,1682.0,10.0,,,,,,,,,,0.011111111380159855,0.011111111380159855,0.011111111380159855,20,,,,,,,,,,,
2021-12-01,18,1741.937519655797,1060.0,,,,,,,,,,,,,1378,,,,,,,,,,,
2021-12-02,41,1813.7778062582631,2538.8910689353943,29.0,20,,,,,,,,1.187228628542231,2.0284595489501953,0.3287143409252167,3414,,,,,,2200191,237235,,,,
2021-12-03,222,2234.939133737251,10761.053993225098,156.0,111,,,,,,,,0.9461415256165936,3.5850138664245605,0.08474576473236084,14246,,,,,,11719674,547494,,,,
2021-12-04,,1681.9999589992844,,,,,,,,,,,,,,13,,,,,,,,,,,
2021-12-05,52,1795.440096019699,2284.7977905273438,10.0,10,,,,,,,,0.3373072625546093,1.7145259380340576,0.050724636763334274,3178,,,,,,2777002,,,,,
2021-12-06,69,1898.07505930878,3947.4460525512695,25.0,23,,,,,,,,0.17537748080556936,1.470588207244873,0.012345679104328156,4966,,,,,,1102397,,,,,
2021-12-07,,1681.999875242771,,,,,,,,,,,,,,,,,,,,,,,,,
2021-12-08,,1710.472136954345,950.0,,,,,,,,,,0.07483993814394668,0.30000001192092896,0.009433962404727936,1310,,,,,,,,,,,
2021-12-09,40,1748.0331222064,1766.8538937568665,12.0,12,,,,,,,,0.17125389270289096,0.7669254541397095,0.003144653979688883,2041,,,,812604,,,,,,,
2021-12-10,,1758.4353943079566,1980.0,,,,,,,,,,0.10141322152285484,0.25362318754196167,0.009999999776482582,2734,,,,,,,,,,,
2021-12-11,52,1763.571497248117,1780.0,6.0,6,,,,,,,,0.27981060323088264,1.7146384716033936,0.014124293811619282,2485,,,,,,1598765,,,,,
2021-12-12,255,2461.676972611683,13773.12678861618,64.0,39,,,,,,,,0.4101905999308479,2.0021166801452637,0.006535947788506746,17435,,,,,,5685277,,,,,
2021-12-13,92,1991.5682878527296,4582.81791639328,4.0,4,,,,,,,,0.21090699443739677,1.6652435064315796,0.016025641933083534,5786,,,,,,2030101,,,,,
2021-12-14,109,2136.2757001064465,7650.0,2.0,2,,,,,,,,0.21497001950427744,1.6427886486053467,0.012195121496915817,9264,,,,,,688992,,,,,
2021-12-15,10,1728.3325807347537,1530.0,,,,,,,,,,0.09886450165377852,0.5833333134651184,0.0033333334140479565,2124,,,,,,,,,,,
2021-12-16,78,2223.899508376306,9442.47252368927,59.0,59,,,,,,,,0.2008289253573748,1.5114943981170654,0.036231882870197296,11746,,,,,,1266025,,,,,
2021-12-17,,1746.4331239490161,1600.0,,,,,,,,,,0.1261430104662265,0.2499999850988388,0.02298850752413273,2185,,,,,,30044,,,,,
2021-12-18,114,1997.0396374880793,6456.508504867554,56.0,43,,,,,,,,0.3779981069312137,2.061112403869629,0.027027027681469917,8784,,,,,,5294452,,,,,
2021-12-19,186,2285.145499144272,11015.315800666809,43.0,31,,,,,,,,0.33465739195955496,1.8602309226989746,0.0260416641831398,14113,,,,,,5303994,,,,,
2021-12-20,1,1700.816622984847,570.0,,,,,,,,,,0.07068987858582693,0.3333333134651184,0.019607843831181526,780,,,,,,,,,,,
2021-12-21,,1681.9998309735922,,,,,,,,,,,,,,,,,,,,,,,,,
2021-12-22,33,1740.533893321862,1203.1485748291016,6.0,5,,,,,,,,0.8105970780695413,1.8365051746368408,0.0833333283662796,1668,,,,,,1149730,,,,,
2021-12-23,3,1726.761076023932,1230.0,,,,,,,,,,0.11718900823570692,0.5,0.008547008968889713,1670,,,,,,,,,,,
2021-12-24,85,2029.441852799218,6616.94215965271,74.0,52,,,,,,,,0.3146257858498802,2.297809362411499,0.011111111380159855,8941,,,,,,5335460,,,,,
2021-12-25,,1681.999848790813,,,,,,,,,,,,,,18,,,,,,,,,,,
2021-12-26,55,2022.2939986764745,4088.4041090011597,43.0,25,,,,,,,,0.5381726309159754,2.945446252822876,0.2958429157733917,5169,,,,,,3607436,621476,,,,
2021-12-27,76,1853.6182547240762,3970.3544058203697,,,,,,,,,,0.2081390049336919,1.033313274383545,0.03125,5470,,,,,,1356569,,,,,
2021-12-28,4,1687.5640208219413,120.0,,,,,,,,,,0.4999999701976776,0.4999999701976776,0.4999999701976776,183,,,,,,,,,,,
2021-12-29,16,1813.1294992153898,698.5224080085754,2.0,2,,,,,,,,0.4321916756227445,1.7302523851394653,0.2773001790046692,1147,,,,,,1985835,,,,,
2021-12-30,130,2177.4563123449257,8999.03894853592,13.0,12,,,,,,,,0.2085275597118224,2.3697569370269775,0.017006803303956985,11482,,,,,,2778944,,,,,
2021-12-31,103,1873.4398293748945,6377.599812984467,64.0,42,,,,,,,,0.47388857017016883,2.408653497695923,0.22514620423316956,8410,,,,,,5756370,,,,,
2022-01-01,1,1681.99998244382,28.926864624023438,,,,,,,,,,0.3287143409252167,0.3287143409252167,0.3287143409252167,66,,,,,,,,,,,
2022-01-02,219,2363.825089935393,11783.937385559082,43.0,26,,,,43.84992980957031,-79.32366943359375,43.84996032714844,-79.32350158691406,0.38197400643182544,2.7551429271698,0.023148147389292717,14571,,,,,,5775908,,,,,
2022-01-03,,1694.2181590400196,,,,,,,,,,,,,,41,,,,,,185033,,,,,
2022-01-04,177,2073.6397267918087,9398.872148513794,66.0,50,,,,,,,,0.3214778212873995,2.0804731845855713,0.019607843831181526,12825,,,,,,4877015,,,,,
2022-01-05,,1682.0000491495753,,,,,,,,,,,,,,,,,,,,,,,,,
2022-01-06,25,1777.4735266782425,1028.6044561862946,1.0,1,,,,,,,,0.6825854432809965,1.2108443975448608,0.32871437072753906,1527,,,,,,1445858,,,,,
2022-01-07,107,1919.7139121130588,5126.261734008789,56.0,33,,,,,,,,0.32829122002921374,1.855027437210083,0.03124999813735485,7072,,,,,,3700464,,,,,
2022-01-08,,1681.999877619602,,,,,,,,,,,,,,,,,,,,,,,,,
2022-01-09,108,1972.7430732986245,6065.5577273368835,45.0,41,,,,,,,,0.489261824534444,1.7913542985916138,0.028368793427944183,8381,,,,,,5284047,,,,,
2022-01-10,49,1814.69149705506,2570.0,3.0,3,,,,,,,,0.23914298185634805,1.6609013080596924,0.04385964944958687,3358,,,,,,522427,,,,,
2022-01-11,1,1697.5893885646867,40.8260555267334,,,,,,,,,,0.7828795313835144,0.9323963522911072,0.6333627104759216,129,,,,,,236089,,,,,
2022-01-12,90,1914.087090937304,4542.460566729307,63.0,44,,,,,,,,1.3432935687363283,1.8663829565048218,0.3287143409252167,6309,,,,,,3218464,,,,,
2022-01-13,,1701.3575153067538,540.0,,,,,,,,,,0.09811682765608404,0.2222222238779068,0.020325202494859695,748,,,,,,,,,,,
2022-01-14,3,1682.0001145011274,98.61431121826172,,,,,,,,,,0.39030566254902205,0.4518969655036926,0.3287143409252167,150,,,,,,,,,,,
2022-01-15,63,1884.9583865845316,3698.3880643844604,48.0,32,,,,,,,,0.5861803848147445,2.3276619911193848,0.2520143389701843,4831,,,,,,2377002,,,,,
2022-01-16,351,2413.7437187216497,15853.131456375122,113.0,65,,,,,,,,0.5187491707786824,2.8087878227233887,0.016949152573943138,21136,86.0,86.0,86.0,,,4836003,171408,,,,
2022-01-17,150,3731.3749169489465,8203.6226978302,85.0,67,,,,,,,,0.27588518934802286,2.268751859664917,0.01515151560306549,10747,,,,,,3141270,410646,,,,
2022-01-18,60,2064.0498954714476,6830.0,60.0,43,,,,,,,,0.22375909288446064,2.753387212753296,0.02298850752413273,9080,,,,,,1908252,286390,,,,
2022-01-19,3,1804.7999277308365,1950.0,2.0,2,,,,,,,,0.26470511070310493,1.4166666269302368,0.02380952425301075,2664,,,,,,,,,,,
2022-01-20,109,2016.2686859939504,6190.0,47.0,29,,,,,,,,0.17111834773990453,2.785489797592163,0.013888888992369175,8347,,,,,,3709480,143900,,,,
2022-01-21,5,1828.8160694705418,1760.0,,,,,,,,,,0.34043915298797434,1.0555555820465088,0.03809523954987526,2278,,,,,,157071,,,,,
2022-01-22,29,1866.159597486026,2465.8241081237793,21.0,13,,,,,,,,0.32239775170048757,2.641669511795044,0.028735633939504623,3070,,,,,,218418,866454,,,,
2022-01-23,91,1960.9436313997167,4960.0,56.0,34,,,,,,,,0.7046404619005844,2.044290065765381,0.04385964944958687,6831,,,,,,4068880,,,,,
2022-01-24,,1767.1061639848074,1314.186294555664,,,,,,,,,,0.09818941717163407,0.3333333134651184,0.013888888992369175,1833,,,,,,,,,,,
2022-01-25,126,2181.911525496866,8525.187339782715,77.0,58,,,,,,,,0.27368078884533237,2.6417465209960938,0.05263157933950424,11032,,,,,,2712450,287934,,,,
2022-01-26,51,1910.918736973579,4260.0,,,,,,,,,,0.15710413769927675,0.5588235259056091,0.012578615918755531,5706,,,,,,,,,,,
2022-01-27,95,2089.789012194501,6790.0,19.0,12,,,,43.849910736083984,-79.32366180419922,43.84992599487305,-79.32363891601562,0.31153384771132114,2.91381573677063,0.04545454680919647,8523,,,,,,632074,610145,,,,
2022-01-28,204,2180.2126023222586,9439.489185094833,70.0,42,,,,,,,,0.2584998381745243,2.79927396774292,0.016949152573943138,12708,,,,,,4537934,287145,,,,
2022-01-29,130,2084.3513764985632,7873.566709518433,10.0,9,,,,,,,,0.2580260841504107,3.9382424354553223,0.019607843831181526,10778,,,,,,4732770,303812,,,,
2022-01-30,120,2039.6749523506157,7363.428050994873,28.0,21,,,,,,,,0.3027156654093685,2.6187894344329834,0.012121211737394333,10007,,,,,,2446699,287335,,,,
2022-01-31,259,2389.358055017881,12684.014764785767,77.0,61,,,,,,,,0.42874756352576826,2.0357251167297363,0.03030303120613098,16635,,,,,,6950266,,,,,
2022-02-01,165,2206.64290116744,7406.435718536377,13.0,9,,,,,,,,0.28574703222143577,1.7619932889938354,0.03787878900766373,8827,,,,,,3429567,,,,,
2022-02-02,126,2054.6502175431856,7341.085988521576,74.0,51,,,,,,,,0.31898614897886374,1.947855830192566,0.024822695180773735,10145,,,,,,4835055,,,,,
2022-02-03,48,1845.971972213035,2093.2517280578613,10.0,8,,,,,,,,0.7528351491699157,1.8870469331741333,0.08641975373029709,2964,,,,,,1601550,,,,,
2022-02-04,147,2184.24992733376,9775.895286560059,73.0,48,,,,,,,,0.38754582007865407,2.889580011367798,0.049242425709962845,13469,,,,,,6239331,,,,,
2022-02-05,95,2228.150079360253,9000.6908121109,3.0,3,,,,,,,,0.26096984156719266,1.6904531717300415,0.008130080997943878,11187,,,,,,1218575,,,,,
2022-02-06,159,2241.4312733226348,8590.0,,,,,,,,,,0.24365915058955556,1.5089061260223389,0.021929824724793434,10174,,,,,,1283955,460703,,,,
2022-02-07,71,1908.1870878977252,4247.46520113945,13.0,13,,,,,,,,0.18118146776792354,1.3797388076782227,0.026143791154026985,5911,,,,,,2273694,,,,,
2022-02-08,118,2309.53619450374,10260.0,59.0,59,,,,,,,,0.28314676114553805,1.7027382850646973,0.009259259328246117,12779,,,,,,1765956,720678,,,,
2022-02-09,160,2106.4370111533585,8228.0033493042,52.0,33,,,,,,,,0.24676480877220885,2.4624080657958984,0.02380952425301075,11129,,,,,,4380509,,,,,
2022-02-10,10,1815.9504192680956,2071.937903046608,,,,,,,,,,0.1813059262777884,0.7962962985038757,0.021739130839705467,2793,,,,,,310344,,,,,
2022-02-11,108,2116.0688463604415,8865.629476547241,41.0,33,,,,,,,,0.27126960832347513,1.7798491716384888,0.035087719559669495,12171,,,,,,5671571,,,,,
2022-02-12,102,2201.400069146944,8504.592051506042,5.0,4,,,,,,,,0.21967017668556701,3.0859522819519043,0.04901960864663124,10595,,,,,,2643909,,,,,
2022-02-13,125,2315.714566319689,9212.319549202919,,,,,,43.84987258911133,-79.32357788085938,43.84989547729492,-79.32357788085938,0.37065708605367553,1.5417474508285522,0.08796296268701553,11155,,,,,,2098678,795035,,,,
2022-02-14,32,1795.9951749467232,1763.821704864502,1.0,1,,,,,,,,0.27144062284663406,2.036851644515991,0.03030303120613098,2727,,,,,,478502,,,,,
2022-02-15,158,2191.5749053623963,7644.884245872498,2.0,2,,,,,,,,0.26168529987469347,1.6431303024291992,0.092261902987957,9280,,,,,,1349437,,,,,
2022-02-16,1,1764.7250068698204,1040.2417221069336,,,,,,,,,,0.1397026763425232,0.49518802762031555,0.004166666883975267,1449,,,,,,,,,,,
2022-02-17,74,2202.440763169177,7229.242513656616,57.0,57,,,,,,,,0.25152019870455916,1.7251461744308472,0.0,8381,85.02581787109375,85.04850006103516,85.00313568115234,,,3760854,565195,,,,
2022-02-18,263,2488.110007527425,12469.171506047249,107.0,70,,,,,,,,0.5883010334436508,1.9792158603668213,0.1666666567325592,15138,,,,402,,3790673,,,,1768377,
2022-02-19,186,2418.488198221822,11993.68696641922,100.0,70,,,,,,,,0.4241736415867159,3.0040855407714844,0.02688172087073326,15456,,,,,,2035114,2801802,,,,
2022-02-20,6,1738.3432617657272,834.982292175293,,,,,,,,,,0.16941849832468048,0.32871437072753906,0.03735632449388504,1154,83.27948760986328,83.27948760986328,83.27948760986328,,,,,,,,
2022-02-21,341,2890.8176738873062,19354.92749786377,10.0,10,,,,,,,,0.5515757887047432,1.9769799709320068,0.0357142873108387,23337,,,,,,3730996,153586,,,,
2022-02-22,52,1906.7002605108578,3849.204002380371,,,,,,,,,,0.26272023119880394,1.0353535413742065,0.007936508394777775,4909,,,,,,1892065,,,,,
2022-02-23,80,2084.9852334939064,6664.198579788208,11.0,7,,,,,,,,0.3288998298337523,2.0075526237487793,0.022875817492604256,8619,,,,,,2647234,,,,,
2022-02-24,24,1840.4555633342761,1313.651746749878,,,,,,,,,,0.3188566244183821,1.607250690460205,0.03191489353775978,2102,,,,,,1793077,,,,,
2022-02-25,69,2284.7383377154138,9189.591026306152,89.0,59,,,,,,,,0.26630824737435393,2.142857074737549,0.02083333395421505,9420,83.59700775146484,83.59700775146484,83.59700775146484,,,1039781,2520000,,,,
2022-02-26,195,2527.9868193628,14319.472484827042,91.0,55,,,,,,,,0.3585265055625711,1.9444445371627808,0.02631578966975212,15598,,,,,,5033577,1800000,,,,
2022-02-27,135,2469.259420163078,12250.113723158836,84.0,45,,,,,,,,0.3030923066411644,2.222222328186035,0.011904762126505375,12302,,,,,,604026,2700000,,,,
2022-02-28,143,2098.005935931221,8650.103155136108,52.0,46,,,,,,,,0.2914719157801854,4.519999980926514,0.03333333507180214,11911,,,,,1310,4652827,,,,,8722
2022-03-01,56,2208.3168447024805,8716.037780761719,50.0,25,,,,,,,,0.21353108313299832,2.3333332538604736,0.0208333320915699,8872,,,,,,195484,1500000,,,,
2022-03-02,61,2219.0631059430893,7915.119304656982,79.0,59,,,,,,,,0.4475798389549254,2.2083334922790527,0.0833333283662796,8516,,,,,,128439,2400000,,,,
2022-03-03,5,1795.2443524114854,2100.0,,,,,,,,,,0.1457819996865157,0.33898305892944336,0.032738097012043,2918,83.00733947753906,83.00733947753906,83.00733947753906,,,834890,,,,,
2022-03-04,83,2106.938602700572,5983.528865814209,26.0,20,,,,,,,,0.2388202116591307,1.6666666269302368,0.02777777798473835,8266,83.00733947753906,83.00733947753906,83.00733947753906,,,1819620,1200000,,,,
2022-03-05,87,2344.688871055214,9872.325439453125,80.0,40,,,,,,,,0.45130474166537365,2.4166667461395264,0.011695906519889832,7690,82.55374145507812,82.55374145507812,82.55374145507812,,,,2400000,,,,
2022-03-06,244,2565.160285314289,16063.75000834465,150.0,132,,,,,,,,0.45111047945175886,2.6973257064819336,0.027272727340459824,18368,82.46302795410156,82.46302795410156,82.46302795410156,,,10266856,1500000,,,,
2022-03-07,112,2226.3923837379193,8582.278820991516,57.0,34,,,,,,,,0.2524756144991528,2.318840503692627,0.02777777798473835,7517,,,,,,1791988,1380000,,,,
2022-03-08,39,1814.7482176108101,3020.0,,,,,,,,,,0.19097272654827635,0.8273299932479858,0.02083333395421505,4175,82.46302795410156,82.46302795410156,82.46302795410156,,,1129004,,,,,
2022-03-09,66,2236.560743248308,8809.763350963593,96.0,56,,,,,,,,0.25350084504595655,2.3504273891448975,0.009803921915590763,8843,,,,,,30496,2340000,,,,
2022-03-10,97,1882.2449051718916,4210.0,27.0,19,,,,,,,,0.23413110067346843,2.4896113872528076,0.021367521956562996,5689,81.64656066894531,81.64656066894531,81.64656066894531,,,1374297,316304,,,,
2022-03-11,60,1933.174632719305,4244.398956298828,40.0,20,,,,,,,,0.16642805417512258,1.4510421752929688,0.012345679104328156,4656,,,,,,227925,1235521,,,,
2022-03-12,89,2350.8432593113303,10309.325744628906,79.0,40,,,,,,,,0.19888479475611057,2.2799367904663086,0.012121211737394333,12256,81.23832702636719,81.46512603759766,81.01152801513672,,,243854,2400000,,,,
2022-03-13,135,2355.9350707719495,13026.191535949707,96.0,76,,,,,,,,0.35498681755593636,2.5,0.021276595070958138,14411,80.73937225341797,80.73937225341797,80.73937225341797,,,5099348,1200000,,,,
2022-03-14,7,1733.0891789348561,1531.6597328186035,,,,,,,,,,0.1448204969251345,0.4125046730041504,0.01315789483487606,2133,,,,,,,,,,,
2022-03-15,59,1900.273773884345,4471.190906524658,,,,,,,,,,0.23293944027891875,1.2549067735671997,0.03431372717022896,5805,,,,,,952667,,,,,
2022-03-16,63,2041.7673120298018,5915.894592285156,60.0,30,,,,,,,,0.2183823294153162,1.81406831741333,0.022522522136569023,10056,,,,,,,1800000,,,,
2022-03-17,39,1914.343021193052,4536.049468040466,1.0,1,,,,,,,,0.1848985005813261,0.916863203048706,0.03252032399177551,5732,,,,,,343310,,,,,
2022-03-18,171,2443.746527796709,10674.680471420288,47.0,28,,,,,,,,0.3429304889603926,1.9493887424468994,0.014124293811619282,13664,,,,,,7353505,,,,,
2022-03-19,206,2365.349011068835,18671.550092697144,180.0,109,,,,,,,,0.24142494903586967,2.0,0.017241381108760834,8040,80.37650299072266,80.37650299072266,80.37650299072266,5025026,,652938,1500000,,,,
2022-03-20,95,2009.973416627622,6747.045768976212,64.0,47,,,,,,,,0.20709777165688553,1.8758094310760498,0.017543859779834747,9277,,,,,,5105056,,,,,
2022-03-21,104,1903.9907988935038,4870.0,49.0,29,,,,,,,,0.20989591746394962,1.8950810432434082,0.01587301678955555,6640,,,,,,3155367,,,,,
2022-03-22,49,1755.1572734177137,2188.239172935486,9.0,9,,,,,,,,0.17399461578693368,1.422697901725769,0.02777777798473835,3102,,,,,,,,,,,
2022-03-23,181,2597.466928209904,14183.370908737183,75.0,42,,,,,,,,0.3127810230030951,2.2916667461395264,0.01515151560306549,14957,,,,,,,2400000,,,,
2022-03-24,107,1960.666856145082,5864.836706399918,42.0,31,,,,,,,,0.2642430921302862,1.8825355768203735,0.02298850752413273,8061,,,,,,3701764,,,,,
2022-03-25,179,2656.779259577808,16536.767669677734,158.0,102,,,,,,,,0.2802152028087993,2.1317830085754395,0.01773049682378769,16819,80.28578186035156,80.28578186035156,80.28578186035156,,,4259074,2580000,,,,
2022-03-26,28,1909.581815684432,2815.3354811668396,26.0,20,,,,,,,,0.854223244485896,2.0833332538604736,0.2958429157733917,3537,,,,,,880357,1200000,,,,
2022-03-27,222,2167.2716565463165,7578.037061691284,230.0,119,,,,,,,,0.49677065266715026,2.5341694355010986,0.2629714906215668,10564,,,,,,4591946,,5400000,,,
2022-03-28,8,1674.8576754193134,383.9383850097656,,,,,,,,,,0.36876171577655004,0.6677085757255554,0.3177572190761566,681,,,,,,,,,,,
2022-03-29,27,1790.7732478700236,2450.1405346393585,29.0,20,,,,,,,,0.37147926639239004,1.9243065118789673,0.27392861247062683,3284,,,,,,1656412,,,,,
2022-03-30,11,1700.4540577188982,351.0669479370117,,,,,,,,,,0.33076033079874506,0.8080485463142395,0.29591938853263855,661,,,,,,391615,,,,,
2022-03-31,50,2139.8200256046807,5992.24570274353,81.0,41,,,,,,,,0.3789851445264961,2.2916667461395264,0.2481001615524292,7507,,,,,,940714,2400000,,,,
2022-04-01,42,2204.376496818262,3990.105920791626,62.0,31,,,,43.84989929199219,-79.32360076904297,43.84994125366211,-79.32356262207031,0.35619523474535697,2.0,0.25911983847618103,5109,80.195068359375,80.195068359375,80.195068359375,,,1755410,1800000,,,,
2022-04-02,154,2391.2092385851265,19579.548721313477,157.0,144,,,,,,,,2.4313839727264783,3.8399999141693115,0.3287143409252167,5412,,,,5760239,,4398855,,,,,
2022-04-03,134,2173.4035329800486,5048.228175185621,151.0,98,,,,,,,,0.6547232929146665,14.729999542236328,0.2404714822769165,6833,,,,,,4093508,,3600000,,,
2022-04-04,31,1809.209465071164,2531.1066497564316,26.0,26,,,,,,,,1.2951490997776027,1.570563554763794,0.28913363814353943,3479,79.60539245605469,79.60539245605469,79.60539245605469,,,2110552,,,,,
2022-04-05,29,1831.9878782278713,1585.0911991596222,10.0,10,,,,,,,,0.4398129644372086,1.8441405296325684,0.27989643812179565,2260,,,,,,1383066,507850,,,,
2022-04-06,76,2178.3076351173845,7958.778125286102,105.0,65,,,,,,,,0.8258200245096005,2.1666667461395264,0.3287143409252167,10553,79.46932220458984,79.46932220458984,79.46932220458984,,,2428830,2400000,,,,
2022-04-07,34,1866.6557134526022,2207.2701473236084,20.0,17,,,,,,,,0.6472774430018912,1.9666894674301147,0.2629714906215668,3109,,,,,,3095690,,,,,
2022-04-08,78,2041.4223972378468,5916.462972640991,65.0,43,,,,43.84945297241211,-79.3311996459961,43.85670471191406,-79.32565307617188,0.5344261298708305,2.4376137256622314,0.27392861247062683,7769,,,,,,3485256,1013390,,,,
2022-04-09,15,1734.364772018264,652.1423797607422,3.0,3,,,,,,,,0.5384270212894421,1.7354087829589844,0.3273095190525055,1043,,,,,,1047648,,,,,
2022-04-10,247,3211.020096923167,19074.923683166504,262.0,171,,,,,,,,0.7139156630530282,5.968212127685547,0.2520143389701843,14882,,,,1340435,,6127331,1800000,4800000,,,
2022-04-11,64,2054.5956090879677,6349.138483047485,83.0,52,,,,,,,,0.37615257098222277,2.222222328186035,0.2629714906215668,8155,,,,,,1929212,1800000,,,,
2022-04-12,28,1666.6932871381237,2233.914321899414,23.0,23,,,,,,,,0.3583049236141218,1.5086215734481812,0.27392861247062683,3149,,,,,,,,,,,
2022-04-13,2,1685.3518372404405,111.93502426147461,,,,,,,,,,0.7101467698812485,1.0438250303268433,0.3764685094356537,213,,,,,,288860,,,,,
2022-04-14,85,2272.1491688994215,7935.583811283112,94.0,69,,,,,,,,1.2430385215414899,2.2556869983673096,0.3287143409252167,9748,,,,,,2486874,3012269,,,,
2022-04-15,24,1768.2994755175894,1060.165685415268,2.0,2,,,,43.84967803955078,-79.32550048828125,43.85059356689453,-79.32258605957031,0.3788794544887005,1.7839301824569702,0.2629714906215668,1907,,,,,,1573003,,,,,
2022-04-16,14,1723.2176034306908,552.5316400527954,,,,,,,,,,0.6131922518918022,1.8543671369552612,0.3287143409252167,910,,,,,,875074,,,,,
2022-04-17,149,2312.2219380318106,11137.123362779617,121.0,109,,,,,,,,0.932181626433324,2.150535821914673,0.27392861247062683,15147,,,,,,9986837,,,,,
2022-04-18,91,2141.235330029397,4994.532747745514,34.0,34,,,,,,,,0.6698312684656486,1.6685597896575928,0.2695138156414032,7015,79.1064453125,79.1064453125,79.1064453125,,,7400267,,,,,
2022-04-19,66,1932.502004358836,4402.10525560379,39.0,33,,,,,,,,1.0930108432162624,2.239837169647217,0.3259766101837158,5895,,,,,,4192090,,,,,
2022-04-20,72,1949.6961873253165,4974.292471408844,51.0,29,,,,,,,,0.6369505029536989,2.198413610458374,0.30680006742477417,6517,,,,,,4461001,,,,,
2022-04-21,165,2062.8368286024097,8886.549903035164,74.0,57,,,,,,,,0.6172378375309987,3.6427364349365234,0.2520143389701843,12257,,,,,,3985947,986998,,,,
2022-04-22,71,1951.2801991228935,3699.1437809467316,39.0,33,,,,43.84883499145508,-79.33811950683594,43.85163116455078,-79.32411193847656,0.5229717666136271,1.8494738340377808,0.27392861247062683,6220,,,,,,4485653,,,,,
2022-04-23,53,1892.6215676586162,3866.7038221359253,36.0,32,,,,,,,,0.6163396173041172,2.641916036605835,0.2672412097454071,5241,,,,,,3572639,,,,,
2022-04-24,61,1926.9921156142957,4068.7031893730164,41.0,23,,,,,,,,0.3915223411883797,2.461441993713379,0.2520143389701843,5287,,,,,,4105729,,,,,
2022-04-25,153,1665.0213329949365,5984.616577625275,33.0,33,,,,,,,,0.4968897345404879,1.7070666551589966,0.3287143409252167,8593,,,,,,30457,,,,,
2022-04-26,126,2137.339325189726,10636.465145111084,133.0,75,,,,,,,,0.875769270293251,2.3737716674804688,0.2712838053703308,12927,,,,,,1916063,2752637,,,,
2022-04-27,17,1663.0643379648955,879.6537551879883,5.0,5,,,,,,,,0.7314551332301711,1.728930115699768,0.26091688871383667,1241,,,,,,,,,,,
2022-04-28,76,1663.0643379648955,1521.0739269256592,,,,,,,,,,0.32871437072753906,0.32871437072753906,0.32871437072753906,2313,,,,,,,,,,,
2022-04-29,66,2012.6730157714283,4572.202171325684,45.0,28,,,,,,,,0.6733261194018122,2.398141622543335,0.2848857641220093,5812,,,,,,2825915,1151006,,,,
2022-04-30,118,2294.0709785279673,7558.877696275711,85.0,58,,,,,,,,0.6716654269638661,1.7494577169418335,0.24456699192523956,10258,78.19926452636719,78.19926452636719,78.19926452636719,,,6514015,1500000,,,,
2022-05-01,179,2479.920300369205,9719.994302272797,248.0,147,,,,,,,,0.4943133815768064,2.3598527908325195,0.25450271368026733,12214,,,,,,2675435,3000000,4800000,,,
2022-05-02,127,2199.8972321540873,7903.355183839798,59.0,46,,,,,,,,0.6646969253486149,2.500243663787842,0.2958429157733917,10564,,,,,,6024883,1139991,,,,
2022-05-03,11,1668.9563343652283,425.6354789733887,,,,,,,,,,0.32188491165225686,1.0486505031585693,0.27392861247062683,678,,,,,,236020,,,,,
2022-05-04,,1653.9925215563862,,,,,,,,,,,,,,23,,,,,,,,,,,
2022-05-05,164,2618.8894926712533,15256.644297838211,178.0,108,,,,43.84992980957031,-79.32577514648438,43.84992980957031,-79.32577514648438,0.5892442476440459,2.3809523582458496,0.24802841246128082,19099,77.11064147949219,77.11064147949219,77.11064147949219,,,9382190,2100000,,,,
2022-05-06,2,1643.1064055530803,155.15318298339844,,,,,,,,,,0.3562277598721418,0.5036620497703552,0.2848857641220093,261,,,,,,,,,,,
2022-05-07,292,2843.063155169682,23889.6272251606,283.0,196,,,,,,,,0.9330449352354729,2.846184492111206,0.26530173420906067,30798,,,,,,17771842,623416,,,,
2022-05-08,64,1779.1873679061887,4303.368311166763,46.0,27,,,,,,,,0.6501733966742426,2.671570301055908,0.2518653869628906,5780,,,,,,4935222,,,,,
2022-05-09,1,1643.106348128272,39.33201026916504,,,,,,,,,,0.4988715648651123,0.4988715648651123,0.4988715648651123,67,76.65705108642578,76.65705108642578,76.65705108642578,,,,,,,,
2022-05-10,,1645.7894438594021,13.80600357055664,,,,,,,,,,0.2880420982837677,0.2880420982837677,0.2880420982837677,94,,,,,,90314,,,,,
2022-05-11,128,2217.883439996409,9240.196168899536,102.0,61,,,,,,,,0.6838227796185344,2.315157413482666,0.2958429157733917,11471,,,,,,3906997,2169662,,,,
2022-05-12,110,1906.9974855344394,7369.248747348785,74.0,57,,,,,,,,0.6462284227631965,2.5382025241851807,0.3177572190761566,9897,,,,,,4332903,,,,,
2022-05-13,126,1987.6102960286128,3600.236166000366,5.0,5,,,,,,,,0.3741970375645176,1.3151493072509766,0.2629714906215668,5561,,,,,,5634141,,,,,
2022-05-14,74,1750.7298609109337,4760.522120952606,32.0,20,,,,,,,,0.6418328198930053,2.2622504234313965,0.2652941048145294,6596,,,,,,1761642,,,,,
2022-05-15,133,2527.1289541452143,12840.928225517273,179.0,93,,,,,,,,0.9494419307068014,2.1464645862579346,0.2498871237039566,17002,,,,,,3133561,4454061,,,,
2022-05-16,75,2232.437656930787,8129.186847925186,99.0,59,,,,,,,,1.0386682072927012,2.5,0.3287143409252167,9716,,,,,,1565435,2802038,,,,
2022-05-17,141,2239.7898927639303,10769.57301568985,108.0,63,,,,,,,,1.1273233147862718,2.777777671813965,0.2848857641220093,12917,,,,,,2348506,2272445,,,,
2022-05-18,46,1358.5899154296753,3641.4548528194427,45.0,31,,,,,,,,0.41527678070109786,2.3949151039123535,0.25959447026252747,4613,,,,,,2120080,62927,,,,
2022-05-19,,1638.5704235687585,59.16858673095703,,,,,,,,,,0.29238153960620555,0.32871437072753906,0.27392861247062683,113,,,,,,,,,,,
2022-05-20,1,1638.5704235687585,83.49345016479492,,,,,,,,,,0.2966631562051165,0.32871437072753906,0.2629714906215668,186,,,,,,,,,,,
2022-05-21,63,1969.3315624657857,1454.183587551117,31.0,31,,,,,,,,0.45415298669701737,2.0291857719421387,0.27392861247062683,2219,,,,1770180,,3447221,,,,,
2022-05-22,,1675.7409922626969,44.70515441894531,,,,,,,,,,0.30132149159908295,0.32871437072753906,0.27392861247062683,108,,,,,,600000,,,,,
2022-05-23,43,1675.740922001984,3466.3133850097656,60.0,30,,,,,,,,1.1421532116542492,1.7585214376449585,0.3287143409252167,4401,,,,,,600000,,,,,
2022-05-24,76,1881.9837655824595,4999.136975288391,53.0,30,,,,,,,,0.5328700090849324,2.2583301067352295,0.2848857641220093,6535,,,,,,2006904,775004,,,,
2022-05-25,7,1698.160891503316,262.43316745758057,,,,,,,,,,0.3395098497277641,0.7955934405326843,0.27392861247062683,563,,,,,,961898,,,,,
2022-05-26,80,1808.1544262580574,5023.851085186005,45.0,31,,,,,,,,0.778302318873774,2.983590841293335,0.2520143389701843,6768,,,,,,2730772,,,,,
2022-05-27,147,2000.3727892382792,7740.038191795349,63.0,48,,,,,,,,0.5262481848146753,2.062795877456665,0.3287143409252167,10546,,,,,,5840152,,,,,
2022-05-28,11,1679.9377478221463,540.4700412750244,,,,,,,,,,0.4101225992230293,1.4449927806854248,0.2676684260368347,882,,,,,,667743,,,,,
2022-05-29,203,2418.715786900842,8135.506635665894,134.0,123,,,,,,,,0.5695853253268971,2.2122888565063477,0.258850634098053,10957,,,,4398580,,5692823,962308,,,,
2022-05-30,4,1713.6249944358442,242.59120559692383,,,,,,,,,,0.3383412240834183,0.5535016655921936,0.30680006742477417,604,,,,,,1211517,,,,,
2022-05-31,131,1906.2930238875908,7203.251031279564,60.0,39,,,,,,,,0.7435063436886787,2.8217175006866455,0.27392861247062683,9680,,,,,,1727331,1141500,,,,
2022-06-01,,1676.0326535786307,41.41801071166992,,,,,,,,,,0.30132149159908295,0.32871437072753906,0.27392861247062683,93,,,,,,604707,,,,,
2022-06-02,38,1725.0979170381215,833.6332588195801,22.0,22,,,,,,,,0.5984251139780777,1.2137157917022705,0.32836729288101196,1288,77.11064147949219,77.11064147949219,77.11064147949219,1105761,,180790,,,,,
2022-06-03,83,1776.4579271156817,4830.203191757202,31.0,30,,,,,,,,0.42078838397693846,1.76559579372406,0.30680006742477417,6696,,,,,,2137828,,,,,
2022-06-04,31,1758.5069959320738,2181.2239842414856,18.0,12,,,,,,,,0.6844616484842042,2.5293807983398438,0.27392861247062683,3008,,,,,,1850048,,,,,
2022-06-05,157,2163.492045251147,6244.124917507172,88.0,88,,,,,,,,0.4332710011881832,1.7250570058822632,0.240263432264328,8789,,,,3149747,,4316174,290827,,,,
2022-06-06,15,1657.5900951849915,538.1716918945312,,,,,,,,,,0.7277954142098461,1.4217822551727295,0.2511861324310303,829,,,,,,232197,,,,,
2022-06-07,2,1643.1063638587614,55.88144302368164,,,,,,,,,,0.32871437072753906,0.32871437072753906,0.32871437072753906,180,,,,,,,,,,,
2022-06-08,133,1854.51813129239,6506.686532974243,47.0,33,,,,,,,,0.6533721888631472,2.100794553756714,0.2581987679004669,8960,,,,,,3257009,,,,,
2022-06-09,60,1868.949506675182,4184.730320930481,52.0,30,,,,,,,,0.9949002320211227,2.2147369384765625,0.2520143389701843,5544,,,,,,3565529,,,,,
2022-06-10,93,1680.5327308407357,2468.1801266670227,6.0,6,,,,,,,,0.47595157049388215,1.637327790260315,0.3177572190761566,3654,,,,,,600000,,,,,
2022-06-11,63,2071.4780143441635,7168.111810684204,106.0,56,,,,,,,,0.931442387292608,2.1666667461395264,0.2629714906215668,9077,78.4714126586914,78.4714126586914,78.4714126586914,,,224657,2400000,,,,
2022-06-12,102,2049.8594935567107,2021.0719361305237,60.0,59,,,,,,,,0.5661443137589312,2.3504478931427,0.2649683654308319,3055,,,,3559436,,2446764,,,,,
2022-06-13,107,1850.076574949189,7133.006675243378,72.0,52,,,,,,,,0.650017409220059,1.9370568990707397,0.3175964951515198,9575,,,,,,2942307,,,,,
2022-06-14,89,1988.6143833133358,5801.850177764893,61.0,37,,,,,,,,0.771627208993839,2.1950762271881104,0.2520143389701843,7804,,,,,,5213968,,,,,
2022-06-15,105,1470.6745759960502,5755.0042843818665,48.0,33,,,,,,,,0.6711736567308154,2.278179168701172,0.27392861247062683,7795,,,,,,3995947,,,,,
2022-06-16,,1656.7140638932913,,,,,,,,,,,,,,19,76.74776458740234,76.74776458740234,76.74776458740234,,,,,,,,
2022-06-17,161,2089.5654708344873,10937.451897382736,104.0,68,,,,,,,,0.6966441356239685,2.377483367919922,0.2520143389701843,14193,,,,,,3279227,1617574,,,,
2022-06-18,52,1776.0294590961194,3260.3633148670197,20.0,14,,,,,,,,0.5415306972382065,2.754589796066284,0.2520143389701843,4351,,,,,,1252928,389365,,,,
2022-06-19,139,2284.6966136340193,3243.974328994751,58.0,58,,,,,,,,0.44970388920674986,1.626776933670044,0.2520143389701843,4920,,,,3463780,,6698857,,,,,
2022-06-20,127,1949.8163414385742,7492.527062416077,61.0,52,,,,,,,,0.8091700497679664,1.9132884740829468,0.29277509450912476,10101,,,,,,4956942,,,,,
2022-06-21,56,2121.336996822802,6168.652630329132,64.0,37,,,,,,,,0.768154776996535,3.059821367263794,0.3287143409252167,6756,,,,,,2286192,1792754,,,,
2022-06-22,134,1880.7560128243058,6017.269341945648,44.0,39,,,,,,,,0.8483125474168073,1.907120704650879,0.3287143409252167,8218,,,,,,2188297,746200,,,,
2022-06-23,75,2018.6531967321448,7348.344811439514,77.0,52,,,,,,,,1.4588299535768077,3.0084950923919678,0.26267334818840027,8537,,,,,,3436222,1663794,,,,
2022-06-24,,1639.4775769846626,,,,,,,,,,,,,,,,,,,,,,,,,
2022-06-25,93,2259.581864029055,9454.593902230263,93.0,62,,,,,,,,1.2040437026282513,3.0925838947296143,0.2848857641220093,10800,75.74986267089844,75.74986267089844,75.74986267089844,,,4096226,1875674,,,,
2022-06-26,84,1827.223709791468,1382.6180720329285,48.0,48,,,,,,,,0.7064851020627807,1.7228466272354126,0.2520143389701843,2129,,,,2950281,,82692,,,,,
2022-06-27,90,2211.3856187872943,10530.020978212357,107.0,66,,,,,,,,1.6227494123518555,3.8596251010894775,0.2958429157733917,11225,,,,,,2735832,2873691,,,,
2022-06-28,,1629.4986363603684,9.861431121826172,,,,,,,,,,0.5553058385848999,0.5553058385848999,0.5553058385848999,15,,,,,,,,,,,
2022-06-29,182,2235.31227808671,11180.825274944305,89.0,58,,,,,,,,0.804669668164514,3.4197206497192383,0.26528799533843994,13653,,,,,,3906112,1927701,,,,
2022-06-30,202,2515.060273503232,16361.548589229584,172.0,117,,,,,,,,0.74864163688182,3.5428671836853027,0.26334261894226074,20264,,,,,,9110442,1678417,,,,
2022-07-01,97,2020.0649721129741,7808.193855524063,81.0,72,,,,,,,,0.6604474836519525,2.9176855087280273,0.2941218912601471,9820,,,,,,311325,2569746,,,,
2022-07-02,148,2789.2017370083267,12447.77938747406,106.0,61,,,,,,,,0.7625087776202775,5.643745422363281,0.23906846344470978,14216,,,,,,8966641,2890320,,,,
2022-07-03,24,1724.24587338684,1456.8882335424423,10.0,8,,,,,,,,1.404182310829449,2.9339449405670166,0.3287143409252167,1895,,,,,,419730,497311,,,,
2022-07-04,69,1970.8111600013494,6019.643601179123,61.0,38,,,,,,,,0.5224260920928818,4.4281392097473145,0.2602493166923523,7019,,,,,,1859169,1076637,,,,
2022-07-05,150,2252.908657300073,11324.91288113594,108.0,89,,,,,,,,0.8397713386892809,2.9534082412719727,0.2520143389701843,15094,,,,,,10986522,73739,,,,
2022-07-06,4,1629.498646417437,204.20764207839966,,,,,,,,,,0.48399968900630513,1.1644904613494873,0.2520143389701843,434,75.34163284301758,75.56842803955078,75.11483764648438,,,,,,,,
2022-07-07,167,2529.3857195538267,9343.722878932953,54.0,52,,,,,,,,0.4772002994319101,2.660883665084839,0.2520143389701843,13325,,,,,,14765981,,,,,
2022-07-08,197,2568.485815423859,11777.054419279099,149.0,121,,,,,,,,0.8000455933888877,2.9437525272369385,0.2593265473842621,14750,,,,2690950,,6531032,2117573,,,,
2022-07-09,70,1892.317838121962,6174.222593307495,73.0,59,,,,,,,,0.4794789667650144,2.1228184700012207,0.30680006742477417,7998,,,,,,4319372,,,,,
2022-07-10,103,2015.0940462604435,1505.0625553131104,59.0,59,,,,,,,,0.5030253224186846,4.659999847412109,0.25930795073509216,2348,74.02621459960938,74.02621459960938,74.02621459960938,3666555,,2474642,,,,,
2022-07-11,57,1844.5058101471977,6810.80496430397,74.0,46,,,,,,,,2.003892856637462,3.026726722717285,0.3287143409252167,7296,,,,,,1508501,1767260,,,,
2022-07-12,,1612.262186391256,,,,,,,,,,,,,,,,,,,,,,,,,
2022-07-13,,1612.262186391256,,,,,,,,,,,,,,,,,,,,,,,,,
2022-07-14,,1626.3389020658997,15.778289794921875,,,,,,,,,,0.2629714906215668,0.2629714906215668,0.2629714906215668,78,,,,,,236670,,,,,
2022-07-15,81,2145.572950894827,8897.277493476868,96.0,63,,,,,,,,0.9478830301442855,2.9048638343811035,0.2848857641220093,10145,,,,,,2181603,2122903,,,,
2022-07-16,340,2963.8393443595905,19154.451997876167,296.0,244,,,,,,,,0.8292445914595877,2.6666460037231445,0.2520143389701843,25137,,,,5901098,,14350205,885184,,,,
2022-07-17,170,2274.7521648822867,8985.512746095657,101.0,81,,,,,,,,0.6235086332451207,3.055346965789795,0.2872999608516693,11248,,,,2218014,,3981507,1557134,,,,
2022-07-18,123,1728.6331671249045,7278.169841766357,70.0,44,,,,,,,,0.9081124307689301,2.0348241329193115,0.2520143389701843,9764,,,,,,1825108,,,,,
2022-07-19,,1612.2621599305187,,,,,,,,,,,,,,21,,,,,,,,,,,
2022-07-20,166,2199.9392674530463,9902.278574943542,78.0,65,,,,,,,,0.6108934831055528,2.1007418632507324,0.3287143409252167,12996,,,,,,3457006,2818367,,,,
2022-07-21,45,1991.5389645658327,5390.451454877853,59.0,33,,,,,,,,0.42102665433672243,3.872328042984009,0.3287143409252167,5536,,,,,,653769,1669142,,,,
2022-07-22,48,2087.142435403648,5882.302055597305,59.0,34,,,,,,,,0.8373597175299057,3.2927932739257812,0.2958429157733917,6088,73.48190307617188,73.48190307617188,73.48190307617188,,,1245972,2130432,,,,
2022-07-23,,1609.4323080503532,50.892269134521484,,,,,,,,,,0.3262324631214142,0.3262324631214142,0.3262324631214142,86,,,,,,32784,,,,,
2022-07-24,186,2813.1043243596932,16659.557391643524,167.0,115,,,,,,,,0.8033151397576367,2.944444417953491,0.26692894101142883,20141,,,,,,7817354,4268992,,,,
2022-07-25,7,1652.9107304635932,209.44125747680664,,,,,,,,,,0.3265971859780587,0.7243642807006836,0.3262324631214142,339,,,,,,886560,,,,,
2022-07-26,107,2269.745282964171,8614.876541733742,94.0,58,,,,,,,,0.8586446123248908,3.5211122035980225,0.31535804271698,9308,,,,944518,,1998643,2638287,,,,
2022-07-27,121,2231.8393760424797,10380.501888632774,107.0,61,,,,,,,,0.7081917615568665,3.452572822570801,0.29360923171043396,11933,,,,,,2636836,2680652,,,,
2022-07-28,117,1906.4269882866538,8849.808948516846,129.0,71,,,,,,,,1.3740312433905406,2.2124974727630615,0.3262324631214142,11332,,,,,,4651698,,,,,
2022-07-29,117,1821.944768748493,8124.2389969825745,90.0,58,,,,,,,,0.9767442850483036,2.008646249771118,0.26098597049713135,10607,,,,,,2958827,329101,,,,
2022-07-30,157,2360.549374192988,8727.657611846924,133.0,101,,,,,,,,0.671818931407077,2.9934513568878174,0.30448365211486816,10173,,,,2928142,,3926715,1748888,,,,
2022-07-31,177,2247.475599582826,9978.64795076847,127.0,95,,,,,,,,0.5383262909634638,3.0054147243499756,0.24467530846595764,12325,,,,2691852,,2214046,1807896,,,,
2022-08-01,132,2007.6291034275594,7102.133580684662,41.0,38,,,,,,,,0.4771244976493266,2.095021963119507,0.25011155009269714,10155,,,,,,6894751,,,,,
2022-08-02,159,2774.1582351804454,17143.871383428574,171.0,107,,,,,,,,0.9435001778927181,3.556934118270874,0.2510092854499817,18792,,,,,,6500347,3784491,,,,
2022-08-03,43,1861.5456564366314,1769.3466053009033,2.0,2,,,,,,,,0.4442872064423569,1.790690541267395,0.25011155009269714,2825,,,,,,3698583,316698,,,,
2022-08-04,50,2004.7965995172601,5536.625156402588,56.0,30,,,,,,,,0.6651702035722049,4.792487621307373,0.25335466861724854,5617,,,,,,1227231,1481591,,,,
2022-08-05,62,1842.5744736246031,3945.8930295705795,31.0,25,,,,,,,,1.0977244806562632,2.7391796112060547,0.3262324631214142,5509,,,,,,4099069,,,,,
2022-08-06,37,1818.8846092339593,2394.0315959453583,15.0,9,,,,,,,,0.5060602229810048,2.88118314743042,0.24668391048908234,3170,,,,,,2562966,324122,,,,
2022-08-07,189,2686.5337912049363,16834.72199869156,152.0,106,,,,,,,,0.6250284368704286,5.441075801849365,0.25011155009269714,19991,,,,,,8519827,2972655,,,,
2022-08-08,32,1862.5410860242296,3758.70574092865,39.0,22,,,,,,,,2.1141322335059662,3.153238534927368,0.3262324929237366,3816,,,,,,125773,1301594,,,,
2022-08-09,68,1733.895876109659,4410.3792424201965,51.0,29,,,,,,,,0.4136548573075304,2.025662660598755,0.3262324333190918,5781,,,,,,813520,633888,,,,
2022-08-10,107,1377.9954178415217,5708.019576907158,46.0,28,,,,,,,,0.708056926020254,1.9366511106491089,0.25011155009269714,7797,,,,,,1681446,,,,,
2022-08-11,,1600.5690757459945,,,,,,,,,,,,,,,,,,,,,,,,,
2022-08-12,86,1774.0547274837502,5287.556167125702,48.0,33,,,,,,,,0.49599620341502876,2.1508147716522217,0.28273481130599976,7023,,,,,,1100115,806585,,,,
2022-08-13,137,2159.554275754528,6438.277728557587,21.0,21,,,,,,,,0.5557753267250097,2.284095525741577,0.26098597049713135,9432,,,,,,9008047,201825,,,,
2022-08-14,136,2475.2706589517866,11047.756416082382,97.0,60,,,,,,,,0.7680955748953412,4.3466410636901855,0.25927260518074036,13197,,,,,,8066937,1912164,,,,
2022-08-15,103,1918.0247840947263,5557.515523135662,33.0,30,,,,,,,,0.7975176467500684,2.650773525238037,0.3231135308742523,7772,,,,,,5354593,,,,,
2022-08-16,176,2413.260090158888,10426.478432655334,127.0,93,,,,,,,,0.6336014183797902,3.918522357940674,0.30448365211486816,12248,,,,2452944,,4352471,2020237,,,,
2022-08-17,169,2264.373675415027,10426.071646690369,81.0,65,,,,,,,,0.7455455832189146,2.2184865474700928,0.25773584842681885,14394,,,,,,11132528,,,,,
2022-08-18,11,1725.4994020656138,1095.8195457458496,12.0,6,,,,,,,,1.9243353844276583,2.843482732772827,0.3262324631214142,1151,,,,,,210309,836148,,,,
2022-08-19,118,2058.948030898739,6484.995252490044,50.0,36,,,,,,,,0.7042866505452295,1.984303593635559,0.2623891830444336,9003,,,,,,6990483,270458,,,,
2022-08-20,25,1844.9947511321109,2670.9357199668884,24.0,13,,,,,,,,0.5347348384876451,2.941702365875244,0.29219499230384827,3037,,,,,,1602252,812319,,,,
2022-08-21,90,2016.333395660374,7563.479273319244,98.0,59,,,,,,,,0.7346559310156238,2.2398626804351807,0.2568385899066925,9724,,,,,,4664728,999418,,,,
2022-08-22,67,1890.9034801457299,4392.563193321228,41.0,28,,,,,,,,0.5993200176887665,2.0282020568847656,0.26098597049713135,6068,,,,,,4917662,,,,,
2022-08-23,106,2011.7542029231954,5483.778939604759,30.0,23,,,,,,,,0.7127023688909052,1.8677960634231567,0.28273481130599976,7894,,,,,,6951807,,,,,
2022-08-24,149,2361.8603991945115,12611.976920127869,122.0,86,,,,,,,,0.7188488007153386,3.786526918411255,0.3251659572124481,14950,,,,,,4926373,2464647,,,,
2022-08-25,127,2045.4709457134422,7927.700983166695,72.0,52,,,,,,,,0.7068193254281967,2.113905429840088,0.25011155009269714,10760,72.98295593261719,72.98295593261719,72.98295593261719,,,6638663,393581,,,,
2022-08-26,247,2285.0260950522643,10981.445048809052,37.0,37,,,,,,,,0.7724001545518676,3.0771644115448,0.27186039090156555,16090,,,,,,11593205,,,,,
2022-08-27,32,1809.0705013161812,1097.3198556900024,,,,,,,,,,0.4680732215309698,1.2867554426193237,0.3262324631214142,1853,,,,,,3531581,,,,,
2022-08-28,231,2345.063569025875,8815.212255456163,16.0,15,,,,,,,,0.5699385717389239,1.9989964962005615,0.25011155009269714,13309,,,,,,12609575,,,,,
2022-08-29,66,2052.9239358126283,6848.996084711836,77.0,44,,,,,,,,0.42149828932811473,3.6600112915039062,0.25011155009269714,7667,,,,,,2648292,1498110,,,,
2022-08-30,87,1682.3628632944124,7607.2456884384155,68.0,40,,,,,,,,1.2501199555807039,5.719234943389893,0.2580186426639557,8579,,,,,,527532,1718314,,,,
2022-08-31,,1600.5690467915774,,,,,,,,,,,,,,,,,,,,,,,,,
2022-09-01,182,2261.0151599907067,10746.609723806381,78.0,70,,,,,,,,0.8083626680834844,2.0106401443481445,0.29360923171043396,14834,,,,,,9474207,751306,,,,
2022-09-02,244,2542.4680736792006,14399.69960641861,124.0,95,,,,,,,,0.7631152408286783,2.863924741744995,0.2492755949497223,19520,,,,,,13328580,1058698,,,,
2022-09-03,120,2028.7788281322344,7901.259677410126,82.0,57,,,,,,,,0.48931607665641585,2.1303186416625977,0.25011155009269714,10591,,,,,,5680792,641053,,,,
2022-09-04,10,1632.2096861935643,369.29518604278564,,,,,,,,,,0.40026331356680195,0.5437126755714417,0.27186039090156555,595,,,,,,535927,,,,,
2022-09-05,103,2107.001944822566,3064.9860548973083,,,,,,,,,,0.3873466136913019,1.5604692697525024,0.275554358959198,4876,,,,,,8577920,,,,,
2022-09-06,165,2155.2357085604476,9296.608557343483,68.0,57,,,,,,,,0.6521218536315497,2.08372163772583,0.25011155009269714,12993,,,,,,9394901,,,,,
2022-09-07,212,2442.325848841464,11223.982569217682,76.0,61,,,,,,,,0.5865422859334911,3.007615327835083,0.24946430325508118,15919,,,,,,13027971,528248,,,,
2022-09-08,31,1710.8782398396006,1834.142767906189,8.0,8,,,,,,,,0.5665792899048415,1.6698593231146373,0.3262324720448584,2716,,,,,,1868408,,,,,
2022-09-09,221,1984.5704470506466,8698.891144015963,44.0,38,,,,,,,,0.6417863230565577,1.9733461564470498,0.3262324662771913,12408,,,,,,4960917,677108,,,,
2022-09-10,115,1979.1046871590015,6716.486073613167,58.0,40,,,,,,,,0.5848417503559095,2.2348945518737118,0.32623246070089673,9248,71.03250885009766,71.03250885009766,71.03250885009766,,,6929400,,,,,
2022-09-11,33,1708.9595122883702,1827.8235539184975,8.0,8,,,,,,,,0.40168798582095844,1.646202290761597,0.28273483912150066,2663,,,,,,2340635,,,,,
2022-09-12,152,2129.087650660452,9263.008137236022,79.0,56,,,,,,,,0.6813980351450079,2.7552543202781083,0.2609859943389893,12650,,,,,,9725247,,,,,
2022-09-13,133,1851.285908855881,6242.8760014772415,43.0,32,,,,,,,,0.7005327489812084,1.9010809403995088,0.25011157989501953,8772,,,,,,4848538,,,,,
2022-09-14,134,2174.6143080316283,7189.295618561625,45.0,41,,,,,,,,0.7223629180916434,1.8740977745708625,0.3087154238275215,10291,,,,,,10538698,,,,,
2022-09-15,74,1673.1209718779871,2212.661259651184,4.0,3,,,,,,,,0.5547242670340043,1.867575483263826,0.3044836680094401,3326,,,,,,1710447,,,,,
2022-09-16,205,2449.852581464428,10761.76184452636,70.0,53,,,,,,,,0.5993013583831397,2.01624203319162,0.24755731193777378,15722,,,,,,14893577,216227,,,,
2022-09-17,112,2066.6492534633367,7398.954652667046,62.0,54,,,,,,,,0.654368053929726,2.4658351620401353,0.25011157989501953,10280,,,,,,8645416,,,,,
2022-09-18,60,1601.8451042234874,1620.8005938529968,5.0,5,,,,,,,,1.0432032550752732,1.7100352190779975,0.31176615281007436,2343,,,,,,437564,,,,,
2022-09-19,154,1964.2871783380765,10244.48601574676,79.0,67,,,,,,,,0.8958506921510331,3.9180683072196105,0.326232447596605,13794,,,,,,5521557,389772,,,,
2022-09-20,154,2058.807290737297,8611.327516313264,66.0,48,,,,,,,,0.5600041738694035,2.7587219789948687,0.25011157989501953,11768,,,,,,6714611,783408,,,,
2022-09-21,168,1981.1645259429383,9307.366451975086,75.0,59,,,,,,,,0.752505209801775,2.3472772267912316,0.3044836680094401,12733,,,,,,7133448,,,,,
2022-09-22,46,1796.1165454570494,2290.3453571796417,8.0,7,,,,,,,,0.494043670006931,1.767209965839889,0.271860408782959,3531,,,,,,3878261,,,,,
2022-09-23,37,1656.3653190054301,2113.782198190689,16.0,12,,,,,,,,0.37764833113732876,2.7355861660890755,0.24717492896832208,2915,,,,,,1415127,,,,,
2022-09-24,8,1618.648341907035,293.49476432800293,,,,,,,,,,0.5830340612194664,1.0803270992755343,0.28273483912150066,482,,,,,,750360,,,,,
2022-09-25,93,1805.5121890764053,4073.0718417492985,21.0,20,,,,,,,,0.4267515711784536,1.9136228612924855,0.25011157989501953,6014,,,,,,4043861,,,,,
2022-09-26,124,2007.4451244967634,6438.885299843199,56.0,37,,,,,,,,0.6802720462697821,1.9784861882726859,0.2762524272836269,8989,,,,,,7602956,,,,,
2022-09-27,143,2090.5657968310943,9386.956622699776,92.0,66,,,,,,,,0.821976564044704,2.2388321985533084,0.28334169286935595,12587,72.12112426757812,72.12112426757812,72.12112426757812,,,8782822,,,,,
2022-09-28,183,1975.2292861986348,9179.17617893219,68.0,54,,,,,,,,0.8671324078210908,2.149337655837734,0.3153580665588379,12645,,,,,,6719380,,,,,
2022-09-29,2,1622.322935145205,81.55812549591064,,,,,,,,,,0.3193139626606916,0.5648239692852205,0.2969300953447554,125,,,,,,612215,,,,,
2022-09-30,86,1879.0342623684242,5242.502831525549,46.0,33,,,,,,,,0.5843684664328522,2.1398064945383535,0.25011157989501953,7239,,,,,,5056471,,,,,
2022-10-01,,1586.9612426757812,,,,,,,,,,,,,,,,,,,,,,,,,
2022-10-02,36,1722.5925081459181,1869.1235146522522,13.0,9,,,,,,,,0.9074186027843861,1.8651300137704128,0.3262324912122959,2638,,,,,,2348177,,,,,
2022-10-03,,1586.9612426757815,,,,,,,,,,,,,,,,,,,,,,,,,
2022-10-04,163,1850.076416757475,8076.87539232488,73.0,45,,,,,,,,0.6993888670666832,2.109250551104695,0.25011157989501953,10832,,,,,,3398734,494003,,,,
2022-10-05,132,2052.5830498412183,9271.070232258411,95.0,66,,,,,,,,0.8940848427018403,2.4971388872912694,0.271860408782959,12377,,,,,,8055590,,,,,
2022-10-06,105,1977.8682725401882,6532.074446135249,57.0,41,,,,,,,,0.4885387494771838,2.2816563416030418,0.29360924935814736,8838,,,,,,6764346,,,,,
2022-10-07,105,1931.4502652684928,5813.236571825135,53.0,39,,,,,,,,0.6023535796085966,2.7184849952169627,0.2609859994294643,7956,,,,,,5964119,,,,,
2022-10-08,28,1705.530859584824,1570.614274542963,11.0,8,,,,,,,,0.5979151174436126,1.8256652640952067,0.32623248302717245,2220,,,,,,2052790,,,,,
2022-10-09,10,1608.901645558451,355.09313885621924,,,,,,,,,,0.4752257768802085,0.7642741842551268,0.3262324738075213,607,,,,,,379853,,,,,
2022-10-10,152,2179.714911850761,8115.068528378184,57.0,51,,,,,,,,0.5150145978044833,1.8837283831201095,0.25011158278657,11928,,,,,,10262312,,,,,
2022-10-11,103,1864.5943425367,6113.265598844776,65.0,40,,,,,,,,0.5330253861524855,2.7257145896958,0.25011158278657,8203,,,,,,4806647,,,,,
2022-10-12,187,2167.421047426393,11746.384181664884,105.0,77,,,,,,,,0.5586272647316723,2.072465445469365,0.28731310672494703,15945,71.21394348144531,71.21394348144531,71.21394348144531,,,10253500,,,,,
2022-10-13,93,1912.8149792247923,5145.354798642228,34.0,27,,,,,,,,0.49992365650003395,2.012821800394639,0.2568854023948202,7219,,,,,,5830411,,,,,
2022-10-14,40,1755.6280620255245,2050.502021791515,9.0,9,,,,,,,,0.7770918759217241,2.527262831103626,0.282734832715253,2972,,,,,,3123281,,,,,
2022-10-15,99,2010.949909185749,6717.685079458305,66.0,44,,,,,,,,0.9265088735989014,1.8517018668484622,0.282734832715253,9134,,,,,,7557379,,,,,
2022-10-16,80,1891.1274240309663,4924.0561524045825,48.0,34,,,,,,,,0.7151853821241198,2.0897435230344543,0.282734832715253,6789,,,,,,5497343,,,,,
2022-10-17,117,1932.2176159897476,7231.114786923849,73.0,49,,,,,,,,0.5913849728318002,3.4057940144416987,0.2609859994294643,9745,,,,,,6204625,,,,,
2022-10-18,134,2171.4290078040594,7747.49152369194,57.0,46,,,,,,,,0.6338358818821904,1.905607927309476,0.25011158278657,10887,,,,,,10429871,,,,,
2022-10-19,3,1577.8894348144531,83.51551981742858,,,,,,,,,,0.3262324784079518,0.3262324784079518,0.3262324784079518,141,,,,,,,,,,,
2022-10-20,68,1819.933369423546,3895.091485157148,35.0,21,,,,,,,,0.8051930536708763,3.136873984451379,0.25465194960843046,5345,,,,,,4251338,,,,,
2022-10-21,8,1577.8894348144534,181.3852696034777,,,,,,,,,,0.41440684496186514,0.8363412459328255,0.32623247432817126,278,,,,,,,,,,,
2022-10-22,46,1775.6150012067078,2184.3671370553493,29.0,25,,,,,,,,0.8935699346271574,1.7602946254495653,0.2846656618117121,3056,,,,920680,,2489810,,,,,
2022-10-23,33,1689.1803967285518,2023.556724214312,13.0,11,,,,,,,,1.0319286455710392,1.7464124384480113,0.32623248871524596,2836,,,,,,1942480,,,,,
2022-10-24,34,1696.3176421404173,1771.7540836069952,10.0,10,,,,,,,,0.9086167043241375,1.7063419629298366,0.3262324784079518,2568,,,,,,2081059,,,,,
2022-10-25,107,1933.0643410797556,4804.197771997627,27.0,22,,,,,,,,0.4435797330852649,1.9037607180761666,0.25011158278657,6875,,,,,,5970138,118589,,,,
2022-10-26,123,2020.1447301422327,7225.536013572731,52.0,42,,,,,,,,0.8001028711649316,2.6924412761883905,0.24862491934283484,10008,71.3046646118164,71.3046646118164,71.3046646118164,,,7076982,303490,,,,
2022-10-27,27,954.4603753677509,1686.7705992042816,13.0,11,,,,,,,,1.0803952083701434,1.8187185648169961,0.3262324738075213,2346,,,,,,2268170,,,,,
2022-10-28,,1578.7966461181638,,,,,,,,,,,,,,,,,,,,,,,,,
2022-10-29,136,2002.4901934785948,8854.026009023406,80.0,59,,,,,,,,0.6650844868590162,2.1397444231464555,0.25011158278657,11973,,,,,,8612408,,,,,
2022-10-30,7,1578.7966461181643,155.2866696605313,,,,,,,,,,0.44261950453716087,0.6300336821895212,0.25011158278657,264,,,,,,,,,,,
2022-10-31,118,1948.2982612642656,6968.992164095935,67.0,42,,,,,,,,0.7600578326085011,3.3066238179994984,0.25011158278657,9425,,,,,,5637999,347005,,,,
2022-11-01,176,1947.605023042871,7755.139063491483,54.0,46,,,,,,,,0.7298168502745898,1.8812616894976582,0.30448366600104165,10946,,,,,,6430189,,,,,
2022-11-02,89,1819.9076919540867,5590.47291240282,44.0,37,,,,,,,,0.8366515324041242,2.8580814098419327,0.2609859994294643,7554,,,,,,4210924,,,,,
2022-11-03,98,1825.5209792528558,4807.689350884974,32.0,27,,,,,,,,0.6788074297092941,1.9749117796720805,0.27186041607235867,6728,,,,,,4328182,,,,,
2022-11-04,2,1619.8792555841683,72.42361484167634,,,,,,,,,,0.3262325037424405,0.3262325050465215,0.32623250243835944,111,,,,,,720837,,,,,
2022-11-05,42,1259.6930358540708,1899.5708629686003,3.0,3,,,,,,,,0.753496064929732,1.6297971252692414,0.3076343646336795,2817,71.98505401611328,71.98505401611328,71.98505401611328,,,2285616,,,,,
2022-11-06,78,1651.6672293345134,1545.0371166224288,,,,,,,,,,0.32623246768636655,0.32623246768636655,0.32623246768636655,2368,,,,,,,,,,,
2022-11-07,100,1664.7950360654581,3011.9231151534477,11.0,8,,,,,,,,0.41858161520454296,1.7612789686447528,0.32623246588062593,4429,,,,,,1374133,,,,,
2022-11-08,85,2038.7358204726233,5977.051152044041,50.0,44,,,,,,,,0.9542859489977258,2.833898542608371,0.29360924935814736,8104,,,,,,7862515,,,,,
2022-11-09,38,1587.3127401101478,1751.3601242409613,4.0,4,,,,,,,,0.6411968011517063,1.6963812270637069,0.32623248946147543,2628,,,,,,29709,,,,,
2022-11-10,45,1635.8073788626725,2282.854438159275,12.0,12,,,,,,,,0.8263686017323248,1.6433888524012605,0.30260015268789364,3219,,,,,,871157,,,,,
2022-11-11,144,1809.933291106867,6715.824560624627,57.0,41,,,,,,,,0.7079282198823313,1.8986800117864024,0.282734832715253,9276,,,,,,3876842,,,,,
2022-11-12,136,2119.8880705608594,9275.202975293601,89.0,71,,,,,,,,0.9005010817884385,2.2555230346577595,0.3257611334125679,12480,,,,,,9259481,,,,,
2022-11-13,155,2111.404938627756,8348.622617812045,49.0,33,,,,,,,,0.7866791538287169,1.9216031173956731,0.27186041607235867,11852,,,,,,9107935,,,,,
2022-11-14,169,2040.1186821728927,9453.607729109839,79.0,63,,,,,,,,0.709062519206606,1.848639122653441,0.25011158278657,13069,,,,,,7880916,,,,,
2022-11-15,130,2093.3554776992632,7433.353755730857,66.0,39,,,,,,,,0.7169660682588752,2.2808740385999062,0.25011158278657,10085,,,,,,8773406,,,,,
2022-11-16,124,2059.221633810563,7782.254343507669,62.0,56,,,,,,,,0.7894891205741965,2.2655132876504522,0.25011158278657,10612,,,,,,8216177,,,,,
2022-11-17,25,1676.2579365884726,1364.8279330725145,7.0,7,,,,,,,,0.7384853488223039,1.661182478915089,0.31535808264393606,1962,,,,,,1573030,,,,,
2022-11-18,90,1793.6994281025234,4508.441646494129,32.0,31,,,,,,,,0.7813432676704332,1.8695047898179709,0.32623246981076726,6285,,,,,,3607374,,,,,
2022-11-19,134,1886.7070662386984,6522.523046453394,53.0,44,,,,,,,,0.8142859350124999,1.9343425124815785,0.282734832715253,9037,,,,,,5224067,,,,,
2022-11-20,26,1686.5430409281962,1414.5372575426734,11.0,11,,,,,,,,0.8281705910830539,1.4254714050976915,0.30448366600104165,2042,,,,,,1751490,,,,,
2022-11-21,124,1982.9463798393151,6700.418650655556,46.0,43,,,,,,,,0.5752155936550473,1.7785840560040633,0.2609859994294643,9395,,,,,,6894493,,,,,
2022-11-22,30,1704.6292119027119,1785.1723840412192,14.0,12,,,,,,,,0.9138207912030023,1.8638628445554357,0.282734832715253,2500,,,,,,2056183,,,,,
2022-11-23,122,1912.480843287127,6910.504174345574,49.0,49,,,,,,,,0.6785530730995202,1.7133315415904966,0.25011158278657,9772,,,,,,5670633,,,,,
2022-11-24,76,1826.4816974811533,4397.648076995138,38.0,29,,,,,,,,0.7018954669176749,2.1494423689914792,0.25011158278657,6124,,,,,,4179188,,,,,
2022-11-25,35,1752.3567654652074,1971.0041557662528,10.0,10,,,,,,,,0.9080248030964965,1.688040700549831,0.25011158278657,2780,,,,,,2893448,,,,,
2022-11-26,35,1585.6005401611328,1591.141342024531,2.0,2,,,,,,,,0.90940779001381,1.6661923806816856,0.32623249202461146,2370,70.07996368408203,70.07996368408203,70.07996368408203,,,,,,,,
2022-11-27,40,1618.6878670341648,2281.268988375194,9.0,9,,,,,,,,1.0848027838103327,1.7357372503897175,0.48645875530300986,3272,,,,,,737749,,,,,
2022-11-28,28,1574.1267501956995,687.4842700731026,1.0,1,,,,,,,,0.4920088518071561,1.5235703657292499,0.32623247737313865,1031,,,,,,135689,,,,,
2022-11-29,194,2073.4898911820947,10375.542526185995,68.0,67,,,,,,,,0.8138232914597817,1.7338584119517926,0.25011158278657,14423,,,,,,9066549,,,,,
2022-11-30,136,1957.5617413830382,6296.046561190476,34.0,29,,,,,,,,0.8006128258663735,2.6117383936096163,0.2613548108213423,8957,,,,,,6976336,,,,,
2022-12-01,3,1573.2960683482079,84.82044981457591,,,,,,,,,,0.32623249007600075,0.32623250634448014,0.3262324738075213,139,,,,,,120813,,,,,
2022-12-02,123,1798.3983680762292,7025.764290430065,63.0,49,,,,,,,,0.7973797839814638,1.8438430199271205,0.2921480145938664,9548,,,,,,5604437,,,,,
2022-12-03,,1566.5496368408203,,,,,,,,,,,,,,,,,,,,,,,,,
2022-12-04,,1566.5496368408203,,,,,,,,,,,,,,,,,,,,,,,,,
2022-12-05,62,1756.9707876324171,3901.3467067331094,30.0,28,,,,,,,,0.5162964678558508,1.7849179528802261,0.3262324841021912,5353,,,,,,3398030,,,,,
2022-12-06,170,1886.9865512222211,9394.361680341153,77.0,58,,,,,,,,0.775378037996393,2.184909080943991,0.3260109855483709,12959,,,,,,7655499,,,,,
2022-12-07,,,,,,,,,,,,,,,,,69.80780792236328,69.80780792236328,69.80780792236328,,,,,,,,
2022-12-09,,1566.5496368408203,,,,,,,,,,,,,,,,,,,,,,,,,
2022-12-10,,1566.5496368408203,,,,,,,,,,,,,,,,,,,,,,,,,
2022-12-11,,290.78172878917,,,,,,,,,,,,,,,,,,,,,,,,,
2022-12-21,,,,,,68.0,68.0,68.0,,,,,,,,,,,,,,,,,,,
2022-12-23,1,,162.98277473792618,,,,,,,,,,0.5876646489529955,2.1323511600494385,0.18665988995339788,239,,,,,,,,,,,
2022-12-24,,,316.0272259677928,,,,,,,,,,1.4088239680291754,3.028317928314209,0.03421633669599846,471,,,,,,,,,,,
2022-12-25,3,1563.8280792236328,114.40000104904175,,,,,,,,,,1.2258130213130698,2.202934741973877,0.21998479754180383,165,70.0,70.0,70.0,,,,,,,,
2022-12-26,,1563.8280792236328,162.10000276565552,,,,,,,,,,0.6820577790558138,2.871772289276123,0.28361535672207955,241,,,,,,,,,,,
2022-12-27,19,1563.5013146708045,980.5099959373474,,,,,,,,,,1.1296068727645248,2.2343924045562744,0.05659339631533723,1386,,,,,,,,,,,
2022-12-28,54,1281.5369686604724,2729.171325802803,13.0,13,,,,,,,,0.7986447874625278,2.7929763793945312,0.2873397409088537,4434,,,,,,,,,,,
2022-12-29,,1559.5000059604645,54.65999889373779,,,,,,,,,,3.334331389904766,4.405911922454834,0.23579546997111445,79,,,,,,,,,,,
2022-12-30,10,1559.5000059604643,571.130004286766,,,,,,,,,,0.8659635359256013,2.234158992767334,0.3460933566093445,776,,,,,,,,,,,
2022-12-31,168,1559.5000059604645,7059.380020141602,,,,,,,,,,1.5137942722010682,4.468632698059082,0.02328978607871448,10388,,,,,,,,,,,
2023-01-01,19,1559.5000059604645,1331.529990196228,,,,,,,,,,0.727061094475906,1.4308734796127311,0.1409370716071593,1895,,,,,,,,,,,
2023-01-02,100,1614.5768557532656,5422.564569473267,14.0,14,63.983123779296875,63.983123779296875,63.983123779296875,,,,,0.6635777256900441,1.8237568521791747,0.1410251548152073,7104,70.95000076293945,71.0999984741211,70.80000305175781,,,851592,,,,,
2023-01-03,149,1606.6865054876748,6998.472857952118,9.0,8,96.4375,122.0,73.0,,,,,0.9345152361107846,2.371504068374634,0.12132121622562408,10303,69.69999694824219,69.69999694824219,69.69999694824219,,,604966,94050,,,,
2023-01-04,291,2116.4586222393727,20826.69013542992,81.0,62,104.92592592592592,177.0,60.0,,,,,0.8626152866885167,4.871794700622559,0.00453458997938368,17025,68.67395723146298,69.19999694824219,68.0,780000,,2041248,,,600000,1200000,
2023-01-05,310,1831.8271790070412,11479.26391506195,53.0,33,89.15294117647059,175.0,57.0,,,,,0.55998918515685,4.4677252769470215,0.002563029130299886,14927,68.45000076293945,68.80000305175781,68.0999984741211,,,294922,,,,1860000,
2023-01-06,140,1615.3328615015425,5399.772210597992,38.0,29,104.93333333333334,183.0,79.0,,,,,0.41075191215232565,0.8519875081380208,0.04041699727376302,6913,68.30000305175781,68.30000305175781,68.30000305175781,,,1031704,,,,,
2023-01-07,180,1636.6515512803667,9997.225533160949,69.0,69,83.33653846153847,109.0,64.0,,,,,0.6172859507030185,2.2978134155273438,0.09857028722763062,12781,,,,,,1735786,,,,,
2023-01-08,70,1660.5966217283037,3344.942169189453,29.0,19,89.98630136986301,155.0,55.0,,,,,0.4528642924313007,2.7959506511688232,0.020307076772054036,3987,,,,,,1763807,,,,,
2023-01-09,288,1706.4694892280038,10924.348796725273,37.0,37,85.56603773584905,164.0,57.0,,,,,0.6465610738665913,1.9827656745910645,0.0019715608490837944,15680,,,,,,2943588,,,,,
2023-01-10,183,1647.144700761188,5365.090182304382,29.0,29,82.28846153846153,117.0,66.0,,,,,0.25679579644733,0.5892995198567709,0.0019715608490837944,7559,,,,,,1929238,,,,,
2023-01-11,322,1684.9423734258971,14155.812947143537,53.0,53,87.1231884057971,169.0,61.0,,,,,0.5072453537058111,1.707071304321289,0.0041402777036031084,19142,,,,,,3594213,218625,,,,
2023-01-12,,1542.5000364780428,9.020000457763672,,,,,,,,,,3.5476419925689697,3.5476419925689697,3.5476419925689697,11,,,,,,,,,,,
2023-01-13,267,1443.146305862552,10445.739433161249,41.0,41,86.8360655737705,128.0,57.0,,,,,0.31726292275600465,2.800691843032837,0.07452500237358942,14965,,,,,,2907917,,,,,
2023-01-14,69,1542.5000364780428,1969.1002807617188,,,87.35,105.0,54.0,,,,,0.6791808832817608,1.1669106483459473,0.08773445977105035,2771,,,,,,,,,,,
2023-01-15,7,1542.5000364780428,312.7199926376343,,,,,,,,,,1.2491007661435645,3.0682990550994873,0.6487576217988389,426,,,,,,,,,,,
2023-01-16,315,2214.726310986579,16615.97619308286,101.0,75,92.69090909090909,138.0,64.0,,,,,0.5371880860014118,2.5,0.03726250118679471,19096,,,,,,6026853,,,,1920000,
2023-01-17,278,1791.2431185857536,10815.654117584229,61.0,52,89.89240506329114,126.0,64.0,,,,,0.21998329871740097,0.8005803087022569,0.010252116521199544,15104,,,,,,4458600,,,,,
2023-01-18,163,2008.705116291815,11622.819206680531,131.0,99,85.02564102564102,102.0,58.0,,,,,0.6656932281537562,1.8441526494690754,0.006900463104248047,16001,,,,,,3614883,2100000,,,,
2023-01-19,37,1573.2452915789672,2590.2250280035114,,,87.38461538461539,101.0,75.0,,,,,0.4589471855110284,1.3643431218195734,0.051852052476671004,3310,,,,,,566823,,,,,
2023-01-20,279,1749.3091218299537,10721.669357327974,53.0,53,89.89189189189189,169.0,58.0,,,,,0.3918609448947128,1.3938809026116796,0.02247579362657335,15182,,,,,,3597050,,,,,
2023-01-21,236,1639.5340838989523,8960.82215499878,30.0,21,86.1986301369863,120.0,61.0,,,,,0.5018444546881142,2.9500858783721924,0.013406613667805989,12592,69.85322570800781,69.85322570800781,69.85322570800781,,,1377758,,,,,
2023-01-22,20,1564.6878412223782,1895.2402839660645,,,80.04545454545455,101.0,67.0,,,,,0.22320390956254532,0.8944054833321268,0.037476698001198516,2647,,,,,,119487,,,,,
2023-01-23,99,1722.4094444050831,6513.1999044418335,45.0,45,83.38888888888889,93.0,62.0,,,,,1.2451983119620025,3.288691997528076,0.24771050414097207,8809,,,,,,2951054,,,,,
2023-01-24,259,1680.3639433893695,11821.322351455688,32.0,32,90.95522388059702,171.0,70.0,,,,,0.6354836360207355,2.3602874279022217,0.02503882302178277,15567,,,,,,2196213,,,,,
2023-01-25,277,1656.8766539443814,9676.933712005615,42.0,42,89.81944444444444,113.0,67.0,,,,,0.30934337788157995,0.5074797566731771,0.014983862770928277,13593,,,,,,1575804,,,,,
2023-01-26,29,1613.680793529851,1852.7058832548582,6.0,6,84.10218978102189,103.0,78.0,,,,,0.4265953537891643,2.0014469623565674,0.04002268473307292,2710,,,,,,999054,,,,,
2023-01-27,188,2137.318435832606,16038.547712306769,75.0,75,83.97826086956522,173.0,66.0,,,,,0.9151596380654281,2.592592477798462,0.04317718082004123,17094,,,,,,1471724,2700000,,,,
2023-01-28,224,1615.5184481575786,8958.100728094134,32.0,32,89.72222222222223,126.0,75.0,,,,,0.4347515432207007,1.5145885944366455,0.005323214530944824,12302,70.12538146972656,70.12538146972656,70.12538146972656,,,1032045,,,,,
2023-01-29,,1560.6404224236803,74.5250015258789,,,83.0,89.0,70.0,,,,,0.02070138931274414,0.02070138931274414,0.02070138931274414,105,68.71924591064453,68.71924591064453,68.71924591064453,,,,,,,,
2023-01-30,234,1766.5244309468642,10106.999260902405,38.0,38,87.6304347826087,106.0,69.0,,,,,0.7061600411669448,2.2618227005004883,0.0041402777036031084,14041,,,,,,3439066,,,,,
2023-01-31,183,1768.9283683777421,7119.883100272633,37.0,37,96.82894736842105,113.0,57.0,,,,,0.7465953030761597,3.7214794158935547,0.011237896813286675,10047,,,,,,3586562,,,,,
2023-02-01,283,1677.924754345137,13745.11037158966,46.0,46,90.8125,169.0,73.0,,,,,0.708825163569812,1.5974103212356567,0.004337433973948161,18013,,,,,,2081689,,,,,
2023-02-02,174,1611.6194505131286,7137.953940688245,40.0,40,84.90196078431373,111.0,63.0,,,,,0.5204796061472114,1.4954832792282104,0.02799616495768229,10014,68.71924591064453,68.71924591064453,68.71924591064453,,,1065045,,,,,
2023-02-03,239,1596.3693509386283,11602.586444854736,13.0,13,88.86538461538461,150.0,67.0,,,,,0.5786672330499424,1.7071560621261597,0.010054960250854492,15728,,,,,,866695,,,,,
2023-02-04,29,1550.998117776321,1448.9138164520264,,,89.5,99.0,64.0,,,,,0.35951351125457665,1.186570625934806,0.005126058260599772,2081,,,,,,78807,,,,,
2023-02-05,67,1544.4018207391105,3333.0069122314453,5.0,5,88.07894736842105,115.0,61.0,,,,,0.5007766002000252,1.1288851499557495,0.019321295420328777,4682,68.3110122680664,68.3110122680664,68.3110122680664,,,,,,,,
2023-02-06,247,1617.9893778814871,11483.526996682434,21.0,21,86.5530303030303,172.0,56.0,,,,,0.7816914670000974,3.1861348152160645,0.04574021233452691,15395,,,,,,1293802,,,,,
2023-02-07,175,1587.4266117221996,7052.174063682556,29.0,20,88.66438356164383,110.0,61.0,,,,,0.7299865460779189,4.531404495239258,0.05905276909470558,9922,68.3110122680664,68.3110122680664,68.3110122680664,,,826083,,,,,
2023-02-08,269,1649.772867375244,9330.326077461243,33.0,33,81.18345323741008,119.0,64.0,,,,,1.0403401364319418,2.9742093086242676,0.03391084671020508,13057,,,,,,1975285,,,,,
2023-02-09,199,1608.1868544828742,9111.244445800781,18.0,18,88.46,165.0,66.0,,,,,0.8386624732538023,1.5981425119047354,0.08083399454752604,12165,,,,,,940441,116954,,,,
2023-02-10,222,1627.7303377163562,7578.912899017334,27.0,27,78.65584415584415,104.0,54.0,,,,,0.5851230918422925,2.1764724254608154,0.013800926208496093,10810,68.58316802978516,68.58316802978516,68.58316802978516,,,1537897,,,,,
2023-02-11,166,1636.91540830244,5681.055068969727,25.0,25,84.38970588235294,98.0,63.0,,,,,0.6059791519351471,1.4836875200271606,0.17150351405143738,7889,,,,,,1680202,,,,,
2023-02-12,155,1551.8070275356426,6355.168033123016,28.0,28,86.8,103.0,61.0,,,,,0.4415217817900984,1.4462605714797974,0.04376864963107639,8953,67.94813537597656,67.94813537597656,67.94813537597656,,,149970,,,,,
2023-02-13,156,1699.3668202655097,7576.732435703278,58.0,57,83.38524590163935,110.0,66.0,,,,,0.5743042262006147,2.6051886081695557,0.0023658731248643664,10614,68.03885650634766,68.03885650634766,68.03885650634766,,,2740164,,,,,
2023-02-14,,1537.2878698785019,142.9202437400818,,,93.0,93.0,93.0,,,,,1.4044381251670515,2.002455234527588,0.016363955603705512,201,67.94813537597656,67.94813537597656,67.94813537597656,,,,,,,,
2023-02-15,186,1734.3121621315127,8633.93198838351,74.0,74,84.5126582278481,108.0,62.0,,,,,0.6501482210679478,5.301724433898926,0.02070138931274414,12191,,,,,,3734147,,,,,
2023-02-16,164,1561.9605265430662,5484.751884584552,24.0,24,80.0979020979021,99.0,57.0,,,,,0.28319087888701056,1.3503992101386195,0.01813835991753472,7724,,,,,,541450,,,,,
2023-02-17,278,1672.1123992099338,10983.792206709186,31.0,31,87.525,163.0,67.0,,,,,0.4309878193488335,1.4775714356059846,0.010449272791544596,14668,,,,,,2554552,,,,,
2023-02-18,1,1531.2713687720025,174.09000247716904,,,84.5,89.0,83.0,,,,,0.2236843939812452,1.7246983051300049,0.15439462228550851,240,67.67597961425781,67.67597961425781,67.67597961425781,,,,,,,,
2023-02-19,149,1655.3806213892592,6216.618954168623,23.0,23,85.90714285714286,105.0,66.0,,,,,0.8919366751587989,1.8567306995391846,0.13722063700358073,8766,,,,,,2333467,,,,,
2023-02-20,232,1602.4461195431995,7473.461512565613,32.0,24,81.0909090909091,87.0,64.0,,,,,0.8164668204355187,2.1719353199005127,0.06999041239420573,10560,,,,,,1253150,,,,,
2023-02-21,119,1672.9616302561683,5387.32763419484,25.0,25,80.20979020979021,114.0,66.0,,,,,0.20201376133327295,1.284298222572321,0.005126058260599772,7533,,,,,,2648828,,,,,
2023-02-22,130,1678.4736627708733,5659.634046077728,29.0,29,74.76966292134831,95.0,62.0,,,,,0.42809837708272636,1.2864188113065065,0.002563029130299886,7925,,,,,,2892581,,,,,
2023-02-23,3,1530.009808063507,312.6999909877777,,,79.0,79.0,79.0,,,,,1.1691287943169755,2.0947415555945894,0.1765414057201075,427,,,,,,,,,,,
2023-02-24,,1530.009808063507,,,,,,,,,,,,,,,67.58526611328125,67.58526611328125,67.58526611328125,,,,,,,,
2023-02-25,181,1726.5480269570717,8589.6021733284,55.0,55,84.34507042253522,113.0,63.0,,,,,0.22337644714211702,0.915616512298584,0.0021687169869740804,12066,,,,,,3670474,,,,,
2023-02-26,,1525.473285039266,12.829999923706055,,,,,,,,,,0.3882558983151923,0.3882558983151923,0.3882558983151923,24,66.95023345947266,66.95023345947266,66.95023345947266,,,,,,,,
2023-02-27,128,1540.5502311192301,5529.205562114716,23.0,23,98.51666666666667,119.0,67.0,,,,,0.4256236970588677,1.3215800523757935,0.00492890199025472,8060,66.2244873046875,66.2244873046875,66.2244873046875,,,424496,,,,,
2023-02-28,87,1659.0736713223241,5723.942507266998,34.0,34,,,,,,,,1.0682553620806279,2.5136656761169434,0.09769677217263503,7785,,,,,,2675615,,,,,
2023-03-01,111,1624.9022140659215,6511.859363555908,22.0,22,82.99038461538461,107.0,65.0,,,,,0.4299019127276056,1.3975303173065186,0.05907625834147135,9143,,,,,,2089393,,,,,
2023-03-02,292,1770.669321808892,10966.997608184814,68.0,65,97.89855072463769,151.0,49.0,,,,,0.5417453809252248,1.9161733388900757,0.003351653416951497,15154,66.04305267333984,66.04305267333984,66.04305267333984,,,4766116,,,,,
2023-03-03,219,1668.6605173724918,8380.702041625977,37.0,37,85.72941176470589,106.0,69.0,,,,,0.6886874437965078,1.524768590927124,0.04697563126683235,11773,,,,,,2943507,,,,,
2023-03-04,10,1513.6805386543274,617.3335723876953,,,73.25,82.0,66.0,,,,,0.2652420471245367,1.1843280853660256,0.02838001772761345,901,,,,,,,,,,,
2023-03-05,169,1645.7770281829444,7235.992265701294,39.0,39,90.9375,113.0,70.0,,,,,0.6195138382031873,1.553866982460022,0.12381401909722223,10210,,,,,,2521686,,,,,
2023-03-06,137,1607.5242312887258,8859.021423339844,49.0,49,91.40555555555555,114.0,52.0,,,,,0.6877672976021054,1.6345627307891846,0.0648643536037869,12069,66.49664306640625,66.49664306640625,66.49664306640625,,,2546993,,,,,
2023-03-07,124,1518.2164425849912,6099.814735412598,23.0,23,100.08552631578948,113.0,68.0,,,,,0.32607939832259025,1.6648585796356201,0.009266336229112413,8570,,,,,,,,,,,
2023-03-08,276,1635.4974061322605,13988.285180091858,107.0,107,88.94,129.0,62.0,,,,,0.7659215663830303,2.7932138442993164,0.04278287251790364,18467,,,,,,2018483,,,,,
2023-03-09,128,1760.7094089648808,8152.609420684906,48.0,48,,,,,,,,1.0360980653392218,1.8249487903959016,0.3513125039459589,11019,,,,,,4494192,,,,,
2023-03-10,116,1691.5442166512207,8023.857283683686,47.0,47,,,,,,,,0.8226250437240528,1.7686740668155145,0.124054873691711,10643,,,,,,3223186,,,,,
2023-03-11,55,1608.908550064414,3778.4447059135387,15.0,15,,,,,,,,0.6422770698076357,1.437280776059762,0.04729317002971308,5294,,,,,,1722132,,,,,
2023-03-12,53,1569.0383823241925,3817.165327598577,27.0,27,,,,,,,,1.144438663788878,1.8670024926075033,0.5192602711554403,4775,,,,,,2121404,,,,,
2023-03-13,75,1654.920531852932,4400.860561847687,33.0,33,,,,,,,,1.104461620990404,2.549031972885132,0.19301894434969463,6764,,,,,,2598000,,,,,
2023-03-14,62,1619.8060432909965,3976.279933452606,29.0,29,,,,,,,,1.2885981774576034,2.513737916946411,0.43381334479991646,5187,,,,,,1885931,,,,,
2023-03-15,130,1606.5541985754403,8332.565948486328,44.0,44,,,,,,,,1.0814544351258408,1.5609941466719504,0.28773597617648766,10893,,,,,,1675093,,,,,
2023-03-16,136,1632.8499585728412,8215.703208919196,23.0,23,,,,,,,,0.9882743755257829,1.410721549646964,0.03264107082542861,11128,,,,,,2178560,,,,,
2023-03-17,114,1125.7929996576788,6623.935919765801,35.0,35,,,,,,,,0.9788691392374231,1.4702109582036844,0.2108029644861091,8969,,,,,,1535219,,,,,
2023-03-18,11,,358.98999977111816,,,,,,,,,,0.29106353302785665,1.024369700617228,0.2133409074131101,492,,,,,,,,,,,
2023-03-19,53,1518.2164425849915,2686.199962615967,6.0,6,,,,,,,,0.5792935470347045,1.4031930013476328,0.11378540975622645,3778,,,,,,,,,,,
2023-03-20,36,1612.8589838399262,3562.5678939819336,39.0,20,,,,,,,,0.7434885175443904,2.281805450562716,0.09168795049980319,4144,,,,,,1318966,,,,,
2023-03-21,99,1728.37703531622,7588.914329528809,62.0,50,,,,,,,,1.0381951346389395,2.1584498624042223,0.11795683895968426,9852,,,,,,3688056,,,,,
2023-03-22,123,1599.4010898922602,7339.340020656586,36.0,36,,,,,,,,0.9752625257583604,1.4793379467078092,0.19867747829596624,10490,,,,,,1542878,,,,,
2023-03-23,104,1567.4281292119283,6338.542032241821,18.0,18,,,,,,,,0.6125207871538357,1.3751736256744782,0.1257478063272131,8982,,,,,,935247,,,,,
2023-03-24,46,1594.3194672811348,3107.7538691367395,22.0,22,,,,,,,,1.1834664516860465,1.4004973257713191,0.2297915750188534,4298,,,,,,1446305,,,,,
2023-03-25,14,1563.1457500338558,1278.6780556832068,14.0,14,,,,,,,,0.8241632007534839,1.4858532465130314,0.16247315499393652,1737,,,,,,853861,,,,,
2023-03-26,115,1641.6779850763503,7062.3418798446655,45.0,45,,,,,,,,1.0719431075953894,1.8746026754379272,0.08057656881829427,10089,,,,,,2346333,,,,,
2023-03-27,88,1613.0697186361497,5256.1921763420105,31.0,31,,,,,,,,1.0825438780590615,1.5352862753616487,0.18419805791696228,7433,,,,,,1530282,116919,,,,
2023-03-28,99,1671.369082341521,7135.853926181793,39.0,32,,,,,,,,1.2678484624551924,2.549616575241089,0.11138903028853954,9701,66.1337661743164,66.1337661743164,66.1337661743164,,,2910597,,,,,
2023-03-29,92,1641.397482814366,6119.679937362671,24.0,22,,,,,,,,1.4221017989211122,2.4781317710876465,0.042823048657876735,7946,,,,,,1931938,177943,,,,
2023-03-30,34,1518.2164425849915,2260.4242029190063,13.0,13,,,,,,,,1.4128307314046886,2.132793374642959,0.04243522410433974,2970,,,,,,,,,,,
2023-03-31,121,1712.6670874572203,7473.746421813965,39.0,39,,,,,,,,1.0576895582320585,1.4908522485705644,0.3208468173186812,10634,,,,,,3461746,101661,,,,
2023-04-01,73,1588.2721907274604,4146.436650149008,25.0,25,,,,,,,,1.1356343498077581,2.455059766769409,0.12318742497004195,6148,66.1337661743164,66.1337661743164,66.1337661743164,,,1400693,,,,,
2023-04-02,122,1557.7740339310067,6154.390798695902,13.0,13,,,,,,,,0.943063287283,1.7970367670059204,0.0678491541931257,9350,,,,,,826092,,,,,
2023-04-03,60,1630.1525441063598,3697.90620136261,4.0,4,,,,,,,,0.7993122586560865,1.5315753245289858,0.21576343775181675,5195,,,,,,2209012,,,,,
2023-04-04,100,1635.1144039153592,6163.921679496765,33.0,33,,,,,,,,0.8850839408424995,1.4855530758530473,0.1267442967093104,8746,,,,,,2305499,,,,,
2023-04-05,103,1649.3380904869532,5717.740384578705,34.0,34,,,,,,,,0.8724337930876096,1.5970370769500732,0.15656374214470756,8759,,,,,,2577578,,,,,
2023-04-06,85,1607.8749464849118,4921.897342681885,24.0,16,,,,,,,,0.8002198892165018,1.9764424253535213,0.6035262046882199,6859,,,,,,1784448,,,,,
2023-04-07,18,1514.587673664093,667.2300071716309,,,,,,,,,,0.25543248603603447,0.5585959687751176,0.10465272342210108,947,,,,,,,,,,,
2023-04-08,42,1524.0275473689348,2695.780014038086,6.0,6,,,,,,,,0.8764894271341424,1.7841290565822758,0.26497495115601183,3891,,,,,,154977,,,,,
2023-04-09,85,1601.3648594060878,4306.66540145874,14.0,14,,,,,,,,0.8358938642328183,1.3254884316269064,0.021520035535534714,6567,65.5894546508789,65.5894546508789,65.5894546508789,,,1774286,,,,,
2023-04-10,40,1584.7471631561025,3039.8469638824463,20.0,20,,,,,,,,0.9904552859605142,1.9402033377521317,0.120613581263698,3515,,,,,,1189589,,,,,
2023-04-11,97,1558.1011534001393,5428.4582151202,17.0,17,,,,,,,,1.0905896295393045,1.4144819433840783,0.2779536060913021,7416,,,,,,945722,,,,,
2023-04-12,79,1632.4582147977603,5444.201779005167,29.0,29,,,,,,,,0.9528505949770327,1.7510552201660223,0.12758967860293538,6753,,,,,,2216748,,,,,
2023-04-13,125,1654.1147717700621,8372.402808940617,31.0,31,,,,,,,,1.0357548144506794,1.6283519268035889,0.15831160547311404,11242,,,,,,2783379,,,,,
2023-04-14,175,1813.5047011283166,10929.68248816708,90.0,90,,,,,,,,0.8711803198069734,1.5644877953452618,0.34184598684344814,15296,,,,,,4418537,106785,,,,
2023-04-15,166,1577.543952553937,9277.16563796997,27.0,27,,,,,,,,0.9465915460670837,1.6996107405445084,0.019394530427377755,12036,,,,,,1245797,,,,,
2023-04-16,144,1711.989553632831,8973.015882015228,44.0,44,,,,,,,,0.9768960133661391,1.749904691323815,0.06923145211918726,11967,,,,,,3660951,111857,,,,
2023-04-17,127,1575.4669779674289,6953.564794540405,27.0,27,,,,,,,,0.8916430694027555,1.331267141997717,0.4710111212594996,9519,,,,,,1281187,,,,,
2023-04-18,129,1643.6671297977455,8394.721046924591,31.0,31,,,,,,,,1.0745900151540595,2.812511444091797,0.10328339227796496,11261,,,,,,2341175,111837,,,,
2023-04-19,49,1509.1445584297178,2106.950771331787,,,,,,,,,,0.7069506606925237,0.9438898892221034,0.5258150184383857,3059,,,,,,,,,,,
2023-04-20,118,1674.7172694078354,7471.596057891846,54.0,52,,,,,,,,1.0085761059701899,1.880473017692566,0.21799059219041853,10088,,,,,,3106858,,,,,
2023-04-21,99,1261.9343817753804,6434.938109397888,25.0,25,,,,,,,,0.8066693466181887,1.6574660052011558,0.159642958101259,9061,,,,,,1461904,,,,,
2023-04-22,2,1509.1445584297182,168.5099983215332,,,,,,,,,,0.8759933489621137,1.356125683688157,0.10825251205507741,230,,,,,,,,,,,
2023-04-23,204,1559.284272781535,12457.241464614868,26.0,26,,,,,,,,0.6358049580231662,1.3416797728657612,0.09219689819400097,17905,,,,,,2264447,,,,,
2023-04-24,,1509.144558429718,13.679999828338623,,,,,,,,,,2.6907033920288086,2.832639694213867,2.54876708984375,19,,,,,,,,,,,
2023-04-25,140,1471.6103706035494,7385.760910749435,36.0,36,,,,,,,,0.8021914095602966,1.7635636127002945,0.14438762362349178,10661,,,,,,1405885,,,,,
2023-04-26,7,1509.1445584297178,348.4700050354004,,,,,,,,,,0.26485394261168205,0.394482641258128,0.11446496661304761,545,,,,,,,,,,,
2023-04-27,93,1593.7414657887416,5782.768728733063,49.0,40,,,,,,,,1.1741701908557345,3.0716466903686523,0.10546051811849219,8628,,,,,,1464190,,,,,
2023-04-28,103,1607.223741086118,5883.243525266647,33.0,33,,,,,,,,0.7340881925601366,1.4398230641310923,0.05035020502069913,9200,,,,,,1637140,111853,,,,
2023-04-29,75,1621.0819928724231,4948.060042381287,16.0,16,,,,,,,,0.8059526381375889,2.83217453956604,0.04145106666259333,7335,,,,,,1916545,106772,,,,
2023-04-30,57,1587.5663847576452,2615.3399658203125,25.0,25,,,,,,,,0.8801409405814455,1.119128438530217,0.6727333432499447,4226,,,,,,1514919,,,,,
2023-05-01,98,1632.1723954284528,5757.455763339996,24.0,24,,,,,,,,0.8927559552475499,1.4651707880228,0.03200056002230003,8177,,,,,,2376599,,,,,
2023-05-02,105,1658.7592242021944,6429.368866028626,33.0,33,,,,,,,,0.7447772812538437,1.4949513441674323,0.12172249991222076,9400,,,,,,2890190,,,,,
2023-05-03,135,1670.8600039708951,8437.2521125652,50.0,50,,,,,,,,0.8884232368299335,1.5221658417398416,0.10365330961565293,11663,,,,,,3123947,,,,,
2023-05-04,,1509.2478797170852,,,,,,,,,,,,,,,65.7708969116211,65.7708969116211,65.7708969116211,,,,,,,,
2023-05-05,86,1647.5997342396527,6399.369983911514,32.0,32,,,,,,,,0.6350490526233146,1.8570058345794678,0.026113040126941593,8870,,,,,,2630900,,,,,
2023-05-06,80,1634.9294611184432,6604.101963996887,37.0,27,,,,,,,,1.1095542718661937,2.972218520894063,0.06445909858659478,7935,65.0,65.0,65.0,,,1667493,,,,,
2023-05-07,119,1617.9640436812813,6040.420003890991,22.0,22,,,,,,,,0.7113816824166393,1.8881006240844727,0.020499876704724664,9393,,,,,,2239967,,,,,
2023-05-08,103,1503.250011920929,5387.9671449661255,,,,,,,,,,1.0022886768579073,2.70634126663208,0.11129824237309295,7740,,,,,,,,,,,
2023-05-09,102,1536.5841229852938,4928.250910282135,19.0,19,,,,,,,,0.60277355761639,2.549351453781128,0.10669168091424562,7719,,,,,,650900,,,,,
2023-05-10,106,1570.8271625418174,5230.600018262863,20.0,20,,,,,,,,0.8273235825516977,2.5805423259735107,0.1177059252916133,8258,,,,,,1319547,,,,,
2023-05-11,122,1781.3274882939477,8089.4600830078125,63.0,63,,,,,,,,1.1719241410926942,5.663974761962891,0.2450924254325578,12384,,,,,,5024038,111877,,,,
2023-05-12,115,1611.456694563901,6820.069830060005,21.0,21,,,,,,,,0.8422952297427149,1.5204774509503438,0.02815842727074557,10178,,,,,,1843408,116943,,,,
2023-05-13,161,1879.7449585232355,12759.605439007282,113.0,81,,,,,,,,0.798999687891812,3.0607033228547005,0.06590726390565539,16481,,,,,,4499993,,,,,
2023-05-14,75,1644.461718242513,6177.589106529951,40.0,20,,,,,,,,0.6317445708420398,2.837858541983256,0.13270659909574448,7205,,,,,,2473673,,,,,
2023-05-15,168,1706.2081435101204,11096.919293403625,114.0,85,,,,,,,,0.8439106983441058,2.4955812768191925,0.09108893674602912,14330,,,,,,3963069,,,,,
2023-05-16,87,1619.252164630396,6124.720062255859,33.0,33,,,,,,,,0.8369517516657682,1.6165739025018275,0.025851856171143873,8821,,,,,,2265118,,,,,
2023-05-17,129,1551.5128416303933,6352.55996131897,9.0,9,,,,,,,,0.7280439552208952,1.4763037230447091,0.0730433631741802,9324,,,,,,678806,114385,,,,
2023-05-18,111,1649.1117163459448,7938.727999687195,49.0,30,,,,,,,,0.5138107912588019,2.418943206641932,0.028925126121046262,10233,,,,,,2801088,,,,,
2023-05-19,98,1597.247998197011,4722.860017776489,19.0,19,,,,,,,,0.8942395891052036,1.1577032405747052,0.049251185217581483,7478,,,,,,1835454,,,,,
2023-05-20,96,1745.5214899621487,6961.510016918182,66.0,66,,,,,,,,1.0047918909003375,1.6532108783721924,0.0724954404997122,9833,,,,,,4730720,,,,,
2023-05-21,185,1088.3540163805123,8822.539175510406,18.0,18,,,,,,,,0.8384162261365748,1.7110651731491089,0.16663549840450287,13274,,,,,,793204,,,,,
2023-05-22,8,1503.2500119209292,1264.1300067901611,,,,,,,,,,0.21835013427226294,0.662135899066925,0.02034199982881546,1835,,,,,,,,,,,
2023-05-23,43,1508.4575143977127,2621.298644065857,,,,,,,,,,0.9368631446771059,2.9503674507141113,0.08204548805952072,3454,,,,,,101685,,,,,
2023-05-24,65,1554.8256807438665,3394.5395278930664,14.0,14,,,,,,,,1.0342749763129107,1.5395290851593018,0.07262059301137924,4784,,,,,,1004126,,,,,
2023-05-25,16,1503.250011920929,1203.4399952888489,,,,,,,,,,1.3372446653816874,2.9894795417785645,0.05299902334809303,1723,,,,,,,,,,,
2023-05-26,133,1761.4165692276113,10286.201985359192,84.0,57,,,,,,,,1.227876411679421,3.0102732599770476,0.33312657475471497,11879,65.7708969116211,65.7708969116211,65.7708969116211,,,3563965,,,,,
2023-05-27,170,1645.6459128913825,9174.39003276825,78.0,69,,,,,,,,0.5718547085278388,1.6085555441263304,0.04029895313990883,13682,,,,,,2593282,,,,,
2023-05-28,43,1605.6296112476584,3168.5468162298203,20.0,20,,,,,,,,0.485591064126436,1.513193134440915,0.11249321272950952,4353,,,,,,1822803,,,,,
2023-05-29,189,1950.6708776425412,16817.161470413208,130.0,101,,,,,,,,1.1497092492342624,2.9777115193456423,0.1307412729721997,19252,,,,,,7039277,,,,,
2023-05-30,111,1709.2299203349626,7153.073232650757,39.0,38,,,,,,,,1.026887422354483,2.4979608058929443,0.12395666049433264,9635,,,,,,3602604,81356,,,,
2023-05-31,38,1580.391082256446,2424.8800354003906,14.0,14,,,,,,,,0.7071786422728928,2.2971179485321045,0.050862754333923364,3304,64.41011810302734,64.41011810302734,64.41011810302734,,,1067718,116937,,,,
2023-06-01,200,1835.9853961791405,11705.55432510376,85.0,85,,,,,,,,0.9157533010817643,1.5386438607632924,0.10485491864658404,17395,64.41011810302734,64.41011810302734,64.41011810302734,,,4261009,,,,,
2023-06-02,114,1511.1327276129368,7604.960001945496,49.0,49,,,,,,,,1.2723877538052308,2.0061609745025635,0.7558956882972891,10256,,,,,,272050,,,,,
2023-06-03,127,1658.9766850845576,8433.940000295639,54.0,54,,,,,,,,0.8534344110309611,2.5091800689697266,0.1376873070231747,11297,,,,,,2926299,,,,,
2023-06-04,55,877.7811957120098,3724.6700224876404,16.0,16,,,,,,,,0.8749329972031205,2.454509735107422,0.019093041201376608,5123,64.41011810302734,64.41011810302734,64.41011810302734,,,429663,,,,,
